{"type": "FeatureCollection", "note": "Sample data for Exercise 7. Coordinates are real Islamabad locations; the company, the outlets and the orders are invented.", "features": [{"type": "Feature", "properties": {"id": "ORD-1135", "value": 1464}, "geometry": {"type": "Point", "coordinates": [73.05615, 33.71317]}}, {"type": "Feature", "properties": {"id": "ORD-1776", "value": 236}, "geometry": {"type": "Point", "coordinates": [72.98265, 33.71403]}}, {"type": "Feature", "properties": {"id": "ORD-1907", "value": 777}, "geometry": {"type": "Point", "coordinates": [72.96833, 33.71115]}}, {"type": "Feature", "properties": {"id": "ORD-1574", "value": 824}, "geometry": {"type": "Point", "coordinates": [73.01855, 33.69066]}}, {"type": "Feature", "properties": {"id": "ORD-1207", "value": 567}, "geometry": {"type": "Point", "coordinates": [73.06504, 33.72824]}}, {"type": "Feature", "properties": {"id": "ORD-1529", "value": 706}, "geometry": {"type": "Point", "coordinates": [73.02995, 33.6983]}}, {"type": "Feature", "properties": {"id": "ORD-1168", "value": 561}, "geometry": {"type": "Point", "coordinates": [73.07161, 33.72087]}}, {"type": "Feature", "properties": {"id": "ORD-1233", "value": 1866}, "geometry": {"type": "Point", "coordinates": [73.06859, 33.72708]}}, {"type": "Feature", "properties": {"id": "ORD-1318", "value": 938}, "geometry": {"type": "Point", "coordinates": [73.0616, 33.71549]}}, {"type": "Feature", "properties": {"id": "ORD-1602", "value": 1364}, "geometry": {"type": "Point", "coordinates": [73.0741, 33.66567]}}, {"type": "Feature", "properties": {"id": "ORD-1369", "value": 745}, "geometry": {"type": "Point", "coordinates": [73.05834, 33.71381]}}, {"type": "Feature", "properties": {"id": "ORD-1064", "value": 1326}, "geometry": {"type": "Point", "coordinates": [73.07088, 33.72099]}}, {"type": "Feature", "properties": {"id": "ORD-1228", "value": 431}, "geometry": {"type": "Point", "coordinates": [73.07328, 33.71864]}}, {"type": "Feature", "properties": {"id": "ORD-1798", "value": 744}, "geometry": {"type": "Point", "coordinates": [72.97023, 33.7091]}}, {"type": "Feature", "properties": {"id": "ORD-1063", "value": 1236}, "geometry": {"type": "Point", "coordinates": [73.04598, 33.72215]}}, {"type": "Feature", "properties": {"id": "ORD-1665", "value": 685}, "geometry": {"type": "Point", "coordinates": [73.01257, 33.6602]}}, {"type": "Feature", "properties": {"id": "ORD-1800", "value": 424}, "geometry": {"type": "Point", "coordinates": [72.97006, 33.70396]}}, {"type": "Feature", "properties": {"id": "ORD-1987", "value": 1346}, "geometry": {"type": "Point", "coordinates": [73.16595, 33.66726]}}, {"type": "Feature", "properties": {"id": "ORD-1461", "value": 2454}, "geometry": {"type": "Point", "coordinates": [73.00641, 33.70598]}}, {"type": "Feature", "properties": {"id": "ORD-1787", "value": 275}, "geometry": {"type": "Point", "coordinates": [72.97313, 33.70933]}}, {"type": "Feature", "properties": {"id": "ORD-2058", "value": 1520}, "geometry": {"type": "Point", "coordinates": [73.16004, 33.66274]}}, {"type": "Feature", "properties": {"id": "ORD-1248", "value": 856}, "geometry": {"type": "Point", "coordinates": [73.06211, 33.73069]}}, {"type": "Feature", "properties": {"id": "ORD-1199", "value": 568}, "geometry": {"type": "Point", "coordinates": [73.05719, 33.72327]}}, {"type": "Feature", "properties": {"id": "ORD-1527", "value": 447}, "geometry": {"type": "Point", "coordinates": [73.04169, 33.68968]}}, {"type": "Feature", "properties": {"id": "ORD-1783", "value": 702}, "geometry": {"type": "Point", "coordinates": [72.9768, 33.71197]}}, {"type": "Feature", "properties": {"id": "ORD-1418", "value": 1078}, "geometry": {"type": "Point", "coordinates": [72.99426, 33.68441]}}, {"type": "Feature", "properties": {"id": "ORD-1055", "value": 808}, "geometry": {"type": "Point", "coordinates": [73.05722, 33.72246]}}, {"type": "Feature", "properties": {"id": "ORD-1964", "value": 1249}, "geometry": {"type": "Point", "coordinates": [73.15671, 33.6669]}}, {"type": "Feature", "properties": {"id": "ORD-1426", "value": 525}, "geometry": {"type": "Point", "coordinates": [73.00018, 33.70183]}}, {"type": "Feature", "properties": {"id": "ORD-1772", "value": 1519}, "geometry": {"type": "Point", "coordinates": [72.9774, 33.71127]}}, {"type": "Feature", "properties": {"id": "ORD-1110", "value": 1377}, "geometry": {"type": "Point", "coordinates": [73.05438, 33.7304]}}, {"type": "Feature", "properties": {"id": "ORD-1711", "value": 936}, "geometry": {"type": "Point", "coordinates": [72.97173, 33.70193]}}, {"type": "Feature", "properties": {"id": "ORD-1351", "value": 600}, "geometry": {"type": "Point", "coordinates": [73.06851, 33.70659]}}, {"type": "Feature", "properties": {"id": "ORD-1950", "value": 1736}, "geometry": {"type": "Point", "coordinates": [73.15986, 33.65231]}}, {"type": "Feature", "properties": {"id": "ORD-1324", "value": 674}, "geometry": {"type": "Point", "coordinates": [73.06155, 33.69992]}}, {"type": "Feature", "properties": {"id": "ORD-1662", "value": 1014}, "geometry": {"type": "Point", "coordinates": [72.99402, 33.66484]}}, {"type": "Feature", "properties": {"id": "ORD-1395", "value": 802}, "geometry": {"type": "Point", "coordinates": [73.05916, 33.71272]}}, {"type": "Feature", "properties": {"id": "ORD-1421", "value": 2322}, "geometry": {"type": "Point", "coordinates": [72.97537, 33.68679]}}, {"type": "Feature", "properties": {"id": "ORD-1354", "value": 682}, "geometry": {"type": "Point", "coordinates": [73.05421, 33.70483]}}, {"type": "Feature", "properties": {"id": "ORD-1627", "value": 2016}, "geometry": {"type": "Point", "coordinates": [73.07343, 33.65981]}}, {"type": "Feature", "properties": {"id": "ORD-1191", "value": 716}, "geometry": {"type": "Point", "coordinates": [73.07477, 33.73728]}}, {"type": "Feature", "properties": {"id": "ORD-1258", "value": 582}, "geometry": {"type": "Point", "coordinates": [73.0831, 33.73102]}}, {"type": "Feature", "properties": {"id": "ORD-1410", "value": 642}, "geometry": {"type": "Point", "coordinates": [72.98865, 33.69634]}}, {"type": "Feature", "properties": {"id": "ORD-2045", "value": 928}, "geometry": {"type": "Point", "coordinates": [73.13584, 33.66415]}}, {"type": "Feature", "properties": {"id": "ORD-1542", "value": 2211}, "geometry": {"type": "Point", "coordinates": [73.02468, 33.69935]}}, {"type": "Feature", "properties": {"id": "ORD-1365", "value": 1076}, "geometry": {"type": "Point", "coordinates": [73.04519, 33.70766]}}, {"type": "Feature", "properties": {"id": "ORD-1159", "value": 1232}, "geometry": {"type": "Point", "coordinates": [73.07938, 33.73333]}}, {"type": "Feature", "properties": {"id": "ORD-1443", "value": 1030}, "geometry": {"type": "Point", "coordinates": [72.99128, 33.69749]}}, {"type": "Feature", "properties": {"id": "ORD-1517", "value": 769}, "geometry": {"type": "Point", "coordinates": [73.02134, 33.68909]}}, {"type": "Feature", "properties": {"id": "ORD-1589", "value": 382}, "geometry": {"type": "Point", "coordinates": [73.06137, 33.66813]}}, {"type": "Feature", "properties": {"id": "ORD-1210", "value": 788}, "geometry": {"type": "Point", "coordinates": [73.06554, 33.72224]}}, {"type": "Feature", "properties": {"id": "ORD-1573", "value": 1210}, "geometry": {"type": "Point", "coordinates": [73.03375, 33.68083]}}, {"type": "Feature", "properties": {"id": "ORD-1095", "value": 2661}, "geometry": {"type": "Point", "coordinates": [73.06125, 33.71289]}}, {"type": "Feature", "properties": {"id": "ORD-1902", "value": 1445}, "geometry": {"type": "Point", "coordinates": [72.96744, 33.70435]}}, {"type": "Feature", "properties": {"id": "ORD-1086", "value": 1626}, "geometry": {"type": "Point", "coordinates": [73.06266, 33.73186]}}, {"type": "Feature", "properties": {"id": "ORD-1163", "value": 834}, "geometry": {"type": "Point", "coordinates": [73.07301, 33.72149]}}, {"type": "Feature", "properties": {"id": "ORD-1653", "value": 724}, "geometry": {"type": "Point", "coordinates": [72.9955, 33.67016]}}, {"type": "Feature", "properties": {"id": "ORD-1963", "value": 4706}, "geometry": {"type": "Point", "coordinates": [73.15705, 33.65613]}}, {"type": "Feature", "properties": {"id": "ORD-2060", "value": 741}, "geometry": {"type": "Point", "coordinates": [73.15747, 33.64479]}}, {"type": "Feature", "properties": {"id": "ORD-1216", "value": 585}, "geometry": {"type": "Point", "coordinates": [73.0752, 33.7228]}}, {"type": "Feature", "properties": {"id": "ORD-1165", "value": 544}, "geometry": {"type": "Point", "coordinates": [73.07447, 33.72707]}}, {"type": "Feature", "properties": {"id": "ORD-1853", "value": 609}, "geometry": {"type": "Point", "coordinates": [72.95754, 33.71286]}}, {"type": "Feature", "properties": {"id": "ORD-1683", "value": 1550}, "geometry": {"type": "Point", "coordinates": [73.00228, 33.67156]}}, {"type": "Feature", "properties": {"id": "ORD-1886", "value": 931}, "geometry": {"type": "Point", "coordinates": [72.96383, 33.71122]}}, {"type": "Feature", "properties": {"id": "ORD-1176", "value": 772}, "geometry": {"type": "Point", "coordinates": [73.05924, 33.72962]}}, {"type": "Feature", "properties": {"id": "ORD-1383", "value": 751}, "geometry": {"type": "Point", "coordinates": [73.05245, 33.72324]}}, {"type": "Feature", "properties": {"id": "ORD-1784", "value": 461}, "geometry": {"type": "Point", "coordinates": [72.96816, 33.71275]}}, {"type": "Feature", "properties": {"id": "ORD-1957", "value": 814}, "geometry": {"type": "Point", "coordinates": [73.13791, 33.64446]}}, {"type": "Feature", "properties": {"id": "ORD-1562", "value": 1227}, "geometry": {"type": "Point", "coordinates": [73.02834, 33.69609]}}, {"type": "Feature", "properties": {"id": "ORD-1910", "value": 1504}, "geometry": {"type": "Point", "coordinates": [72.96384, 33.71212]}}, {"type": "Feature", "properties": {"id": "ORD-2024", "value": 2362}, "geometry": {"type": "Point", "coordinates": [73.15687, 33.65946]}}, {"type": "Feature", "properties": {"id": "ORD-1069", "value": 793}, "geometry": {"type": "Point", "coordinates": [73.05325, 33.73888]}}, {"type": "Feature", "properties": {"id": "ORD-1339", "value": 453}, "geometry": {"type": "Point", "coordinates": [73.06182, 33.71112]}}, {"type": "Feature", "properties": {"id": "ORD-1234", "value": 403}, "geometry": {"type": "Point", "coordinates": [73.06264, 33.72498]}}, {"type": "Feature", "properties": {"id": "ORD-1429", "value": 470}, "geometry": {"type": "Point", "coordinates": [72.99349, 33.70128]}}, {"type": "Feature", "properties": {"id": "ORD-1830", "value": 247}, "geometry": {"type": "Point", "coordinates": [72.97398, 33.71115]}}, {"type": "Feature", "properties": {"id": "ORD-1981", "value": 1635}, "geometry": {"type": "Point", "coordinates": [73.18454, 33.6416]}}, {"type": "Feature", "properties": {"id": "ORD-1200", "value": 775}, "geometry": {"type": "Point", "coordinates": [73.06553, 33.72537]}}, {"type": "Feature", "properties": {"id": "ORD-1591", "value": 593}, "geometry": {"type": "Point", "coordinates": [73.08048, 33.66957]}}, {"type": "Feature", "properties": {"id": "ORD-1621", "value": 1503}, "geometry": {"type": "Point", "coordinates": [73.06399, 33.66519]}}, {"type": "Feature", "properties": {"id": "ORD-1427", "value": 449}, "geometry": {"type": "Point", "coordinates": [72.98775, 33.70843]}}, {"type": "Feature", "properties": {"id": "ORD-2057", "value": 1398}, "geometry": {"type": "Point", "coordinates": [73.15524, 33.66135]}}, {"type": "Feature", "properties": {"id": "ORD-1515", "value": 691}, "geometry": {"type": "Point", "coordinates": [73.03425, 33.69296]}}, {"type": "Feature", "properties": {"id": "ORD-1162", "value": 416}, "geometry": {"type": "Point", "coordinates": [73.07052, 33.72125]}}, {"type": "Feature", "properties": {"id": "ORD-1275", "value": 634}, "geometry": {"type": "Point", "coordinates": [73.04903, 33.71322]}}, {"type": "Feature", "properties": {"id": "ORD-1993", "value": 3288}, "geometry": {"type": "Point", "coordinates": [73.15005, 33.67571]}}, {"type": "Feature", "properties": {"id": "ORD-1843", "value": 253}, "geometry": {"type": "Point", "coordinates": [72.97481, 33.69943]}}, {"type": "Feature", "properties": {"id": "ORD-1717", "value": 919}, "geometry": {"type": "Point", "coordinates": [72.9661, 33.70056]}}, {"type": "Feature", "properties": {"id": "ORD-1685", "value": 1056}, "geometry": {"type": "Point", "coordinates": [72.9988, 33.66928]}}, {"type": "Feature", "properties": {"id": "ORD-1068", "value": 2469}, "geometry": {"type": "Point", "coordinates": [73.05092, 33.71636]}}, {"type": "Feature", "properties": {"id": "ORD-1134", "value": 1608}, "geometry": {"type": "Point", "coordinates": [73.05697, 33.73015]}}, {"type": "Feature", "properties": {"id": "ORD-1651", "value": 1641}, "geometry": {"type": "Point", "coordinates": [73.00666, 33.67003]}}, {"type": "Feature", "properties": {"id": "ORD-1930", "value": 2877}, "geometry": {"type": "Point", "coordinates": [73.16189, 33.64394]}}, {"type": "Feature", "properties": {"id": "ORD-1811", "value": 462}, "geometry": {"type": "Point", "coordinates": [72.96847, 33.69688]}}, {"type": "Feature", "properties": {"id": "ORD-2027", "value": 2524}, "geometry": {"type": "Point", "coordinates": [73.1741, 33.66241]}}, {"type": "Feature", "properties": {"id": "ORD-1276", "value": 368}, "geometry": {"type": "Point", "coordinates": [73.05235, 33.70774]}}, {"type": "Feature", "properties": {"id": "ORD-1270", "value": 1566}, "geometry": {"type": "Point", "coordinates": [73.07109, 33.73405]}}, {"type": "Feature", "properties": {"id": "ORD-1925", "value": 1503}, "geometry": {"type": "Point", "coordinates": [73.14636, 33.66118]}}, {"type": "Feature", "properties": {"id": "ORD-1394", "value": 564}, "geometry": {"type": "Point", "coordinates": [73.05114, 33.70524]}}, {"type": "Feature", "properties": {"id": "ORD-1566", "value": 646}, "geometry": {"type": "Point", "coordinates": [73.02554, 33.6945]}}, {"type": "Feature", "properties": {"id": "ORD-1969", "value": 1627}, "geometry": {"type": "Point", "coordinates": [73.14046, 33.64765]}}, {"type": "Feature", "properties": {"id": "ORD-1792", "value": 388}, "geometry": {"type": "Point", "coordinates": [72.96793, 33.69696]}}, {"type": "Feature", "properties": {"id": "ORD-1946", "value": 1612}, "geometry": {"type": "Point", "coordinates": [73.14275, 33.66123]}}, {"type": "Feature", "properties": {"id": "ORD-1940", "value": 1835}, "geometry": {"type": "Point", "coordinates": [73.15999, 33.65079]}}, {"type": "Feature", "properties": {"id": "ORD-1620", "value": 386}, "geometry": {"type": "Point", "coordinates": [73.08411, 33.65967]}}, {"type": "Feature", "properties": {"id": "ORD-1311", "value": 447}, "geometry": {"type": "Point", "coordinates": [73.04765, 33.71235]}}, {"type": "Feature", "properties": {"id": "ORD-1013", "value": 1110}, "geometry": {"type": "Point", "coordinates": [73.06096, 33.7255]}}, {"type": "Feature", "properties": {"id": "ORD-1510", "value": 1499}, "geometry": {"type": "Point", "coordinates": [73.04253, 33.68922]}}, {"type": "Feature", "properties": {"id": "ORD-1550", "value": 479}, "geometry": {"type": "Point", "coordinates": [73.03906, 33.69361]}}, {"type": "Feature", "properties": {"id": "ORD-1491", "value": 754}, "geometry": {"type": "Point", "coordinates": [73.00348, 33.70691]}}, {"type": "Feature", "properties": {"id": "ORD-1166", "value": 1845}, "geometry": {"type": "Point", "coordinates": [73.0682, 33.73028]}}, {"type": "Feature", "properties": {"id": "ORD-1024", "value": 1034}, "geometry": {"type": "Point", "coordinates": [73.04516, 33.73276]}}, {"type": "Feature", "properties": {"id": "ORD-1043", "value": 1040}, "geometry": {"type": "Point", "coordinates": [73.06426, 33.71062]}}, {"type": "Feature", "properties": {"id": "ORD-1983", "value": 1774}, "geometry": {"type": "Point", "coordinates": [73.14682, 33.66305]}}, {"type": "Feature", "properties": {"id": "ORD-1297", "value": 1494}, "geometry": {"type": "Point", "coordinates": [73.05131, 33.70897]}}, {"type": "Feature", "properties": {"id": "ORD-1003", "value": 364}, "geometry": {"type": "Point", "coordinates": [73.06322, 33.72358]}}, {"type": "Feature", "properties": {"id": "ORD-1187", "value": 745}, "geometry": {"type": "Point", "coordinates": [73.06974, 33.72844]}}, {"type": "Feature", "properties": {"id": "ORD-1836", "value": 402}, "geometry": {"type": "Point", "coordinates": [72.98367, 33.70679]}}, {"type": "Feature", "properties": {"id": "ORD-1770", "value": 321}, "geometry": {"type": "Point", "coordinates": [72.96159, 33.70387]}}, {"type": "Feature", "properties": {"id": "ORD-1609", "value": 509}, "geometry": {"type": "Point", "coordinates": [73.09112, 33.65862]}}, {"type": "Feature", "properties": {"id": "ORD-1579", "value": 372}, "geometry": {"type": "Point", "coordinates": [73.01853, 33.68911]}}, {"type": "Feature", "properties": {"id": "ORD-1756", "value": 489}, "geometry": {"type": "Point", "coordinates": [72.98281, 33.70962]}}, {"type": "Feature", "properties": {"id": "ORD-1289", "value": 912}, "geometry": {"type": "Point", "coordinates": [73.05768, 33.70783]}}, {"type": "Feature", "properties": {"id": "ORD-1144", "value": 520}, "geometry": {"type": "Point", "coordinates": [73.05151, 33.72304]}}, {"type": "Feature", "properties": {"id": "ORD-1551", "value": 1105}, "geometry": {"type": "Point", "coordinates": [73.01846, 33.69474]}}, {"type": "Feature", "properties": {"id": "ORD-1321", "value": 1489}, "geometry": {"type": "Point", "coordinates": [73.05023, 33.71123]}}, {"type": "Feature", "properties": {"id": "ORD-1718", "value": 264}, "geometry": {"type": "Point", "coordinates": [72.96824, 33.7018]}}, {"type": "Feature", "properties": {"id": "ORD-1690", "value": 1506}, "geometry": {"type": "Point", "coordinates": [73.00613, 33.6636]}}, {"type": "Feature", "properties": {"id": "ORD-1928", "value": 2251}, "geometry": {"type": "Point", "coordinates": [73.16036, 33.66043]}}, {"type": "Feature", "properties": {"id": "ORD-1432", "value": 573}, "geometry": {"type": "Point", "coordinates": [72.99121, 33.69819]}}, {"type": "Feature", "properties": {"id": "ORD-1492", "value": 1389}, "geometry": {"type": "Point", "coordinates": [72.98859, 33.70255]}}, {"type": "Feature", "properties": {"id": "ORD-1580", "value": 641}, "geometry": {"type": "Point", "coordinates": [73.03486, 33.67898]}}, {"type": "Feature", "properties": {"id": "ORD-1398", "value": 634}, "geometry": {"type": "Point", "coordinates": [73.05845, 33.71175]}}, {"type": "Feature", "properties": {"id": "ORD-1148", "value": 792}, "geometry": {"type": "Point", "coordinates": [73.05368, 33.71841]}}, {"type": "Feature", "properties": {"id": "ORD-1742", "value": 1470}, "geometry": {"type": "Point", "coordinates": [72.97386, 33.70633]}}, {"type": "Feature", "properties": {"id": "ORD-1010", "value": 1692}, "geometry": {"type": "Point", "coordinates": [73.06495, 33.72573]}}, {"type": "Feature", "properties": {"id": "ORD-2034", "value": 947}, "geometry": {"type": "Point", "coordinates": [73.17274, 33.63301]}}, {"type": "Feature", "properties": {"id": "ORD-1451", "value": 511}, "geometry": {"type": "Point", "coordinates": [72.98694, 33.68654]}}, {"type": "Feature", "properties": {"id": "ORD-1308", "value": 626}, "geometry": {"type": "Point", "coordinates": [73.05842, 33.70714]}}, {"type": "Feature", "properties": {"id": "ORD-1567", "value": 471}, "geometry": {"type": "Point", "coordinates": [73.033, 33.69445]}}, {"type": "Feature", "properties": {"id": "ORD-2047", "value": 1449}, "geometry": {"type": "Point", "coordinates": [73.16168, 33.64698]}}, {"type": "Feature", "properties": {"id": "ORD-1079", "value": 357}, "geometry": {"type": "Point", "coordinates": [73.04878, 33.71334]}}, {"type": "Feature", "properties": {"id": "ORD-1093", "value": 1022}, "geometry": {"type": "Point", "coordinates": [73.06752, 33.71893]}}, {"type": "Feature", "properties": {"id": "ORD-1888", "value": 508}, "geometry": {"type": "Point", "coordinates": [72.97229, 33.69875]}}, {"type": "Feature", "properties": {"id": "ORD-1271", "value": 1101}, "geometry": {"type": "Point", "coordinates": [73.06335, 33.70729]}}, {"type": "Feature", "properties": {"id": "ORD-1781", "value": 836}, "geometry": {"type": "Point", "coordinates": [72.97923, 33.6989]}}, {"type": "Feature", "properties": {"id": "ORD-1462", "value": 2274}, "geometry": {"type": "Point", "coordinates": [72.98213, 33.69301]}}, {"type": "Feature", "properties": {"id": "ORD-1899", "value": 1616}, "geometry": {"type": "Point", "coordinates": [72.97124, 33.70529]}}, {"type": "Feature", "properties": {"id": "ORD-1878", "value": 907}, "geometry": {"type": "Point", "coordinates": [72.96922, 33.70915]}}, {"type": "Feature", "properties": {"id": "ORD-1206", "value": 1589}, "geometry": {"type": "Point", "coordinates": [73.06985, 33.72151]}}, {"type": "Feature", "properties": {"id": "ORD-1706", "value": 422}, "geometry": {"type": "Point", "coordinates": [73.00004, 33.67889]}}, {"type": "Feature", "properties": {"id": "ORD-1519", "value": 751}, "geometry": {"type": "Point", "coordinates": [73.04268, 33.68913]}}, {"type": "Feature", "properties": {"id": "ORD-1352", "value": 822}, "geometry": {"type": "Point", "coordinates": [73.06138, 33.7061]}}, {"type": "Feature", "properties": {"id": "ORD-1613", "value": 366}, "geometry": {"type": "Point", "coordinates": [73.06765, 33.65562]}}, {"type": "Feature", "properties": {"id": "ORD-1603", "value": 735}, "geometry": {"type": "Point", "coordinates": [73.07384, 33.66985]}}, {"type": "Feature", "properties": {"id": "ORD-1392", "value": 2180}, "geometry": {"type": "Point", "coordinates": [73.06156, 33.70972]}}, {"type": "Feature", "properties": {"id": "ORD-1972", "value": 2948}, "geometry": {"type": "Point", "coordinates": [73.15728, 33.65812]}}, {"type": "Feature", "properties": {"id": "ORD-1897", "value": 945}, "geometry": {"type": "Point", "coordinates": [72.96269, 33.70124]}}, {"type": "Feature", "properties": {"id": "ORD-1737", "value": 343}, "geometry": {"type": "Point", "coordinates": [72.97053, 33.71397]}}, {"type": "Feature", "properties": {"id": "ORD-1710", "value": 1235}, "geometry": {"type": "Point", "coordinates": [72.99756, 33.65535]}}, {"type": "Feature", "properties": {"id": "ORD-1860", "value": 853}, "geometry": {"type": "Point", "coordinates": [72.97108, 33.70089]}}, {"type": "Feature", "properties": {"id": "ORD-1521", "value": 1406}, "geometry": {"type": "Point", "coordinates": [73.03168, 33.6802]}}, {"type": "Feature", "properties": {"id": "ORD-1722", "value": 345}, "geometry": {"type": "Point", "coordinates": [72.9688, 33.70589]}}, {"type": "Feature", "properties": {"id": "ORD-1367", "value": 1973}, "geometry": {"type": "Point", "coordinates": [73.06071, 33.70567]}}, {"type": "Feature", "properties": {"id": "ORD-1389", "value": 1419}, "geometry": {"type": "Point", "coordinates": [73.0521, 33.70572]}}, {"type": "Feature", "properties": {"id": "ORD-1808", "value": 267}, "geometry": {"type": "Point", "coordinates": [72.97126, 33.70521]}}, {"type": "Feature", "properties": {"id": "ORD-1393", "value": 473}, "geometry": {"type": "Point", "coordinates": [73.04609, 33.71746]}}, {"type": "Feature", "properties": {"id": "ORD-1810", "value": 855}, "geometry": {"type": "Point", "coordinates": [72.96028, 33.69833]}}, {"type": "Feature", "properties": {"id": "ORD-1312", "value": 685}, "geometry": {"type": "Point", "coordinates": [73.05502, 33.71036]}}, {"type": "Feature", "properties": {"id": "ORD-1018", "value": 1768}, "geometry": {"type": "Point", "coordinates": [73.05555, 33.72289]}}, {"type": "Feature", "properties": {"id": "ORD-2013", "value": 2578}, "geometry": {"type": "Point", "coordinates": [73.16216, 33.66991]}}, {"type": "Feature", "properties": {"id": "ORD-1273", "value": 333}, "geometry": {"type": "Point", "coordinates": [73.06011, 33.71007]}}, {"type": "Feature", "properties": {"id": "ORD-1399", "value": 707}, "geometry": {"type": "Point", "coordinates": [73.04939, 33.71007]}}, {"type": "Feature", "properties": {"id": "ORD-1546", "value": 613}, "geometry": {"type": "Point", "coordinates": [73.03155, 33.68731]}}, {"type": "Feature", "properties": {"id": "ORD-1310", "value": 764}, "geometry": {"type": "Point", "coordinates": [73.05688, 33.71454]}}, {"type": "Feature", "properties": {"id": "ORD-2056", "value": 735}, "geometry": {"type": "Point", "coordinates": [73.14549, 33.65451]}}, {"type": "Feature", "properties": {"id": "ORD-1182", "value": 915}, "geometry": {"type": "Point", "coordinates": [73.07557, 33.73137]}}, {"type": "Feature", "properties": {"id": "ORD-1153", "value": 643}, "geometry": {"type": "Point", "coordinates": [73.08714, 33.73227]}}, {"type": "Feature", "properties": {"id": "ORD-1446", "value": 1240}, "geometry": {"type": "Point", "coordinates": [72.98037, 33.69307]}}, {"type": "Feature", "properties": {"id": "ORD-1088", "value": 2088}, "geometry": {"type": "Point", "coordinates": [73.05016, 33.71567]}}, {"type": "Feature", "properties": {"id": "ORD-1223", "value": 1864}, "geometry": {"type": "Point", "coordinates": [73.06466, 33.72747]}}, {"type": "Feature", "properties": {"id": "ORD-1634", "value": 758}, "geometry": {"type": "Point", "coordinates": [73.07122, 33.67692]}}, {"type": "Feature", "properties": {"id": "ORD-1274", "value": 328}, "geometry": {"type": "Point", "coordinates": [73.06082, 33.71496]}}, {"type": "Feature", "properties": {"id": "ORD-1469", "value": 675}, "geometry": {"type": "Point", "coordinates": [72.98869, 33.68172]}}, {"type": "Feature", "properties": {"id": "ORD-1943", "value": 3670}, "geometry": {"type": "Point", "coordinates": [73.15343, 33.67131]}}, {"type": "Feature", "properties": {"id": "ORD-1595", "value": 594}, "geometry": {"type": "Point", "coordinates": [73.0587, 33.67007]}}, {"type": "Feature", "properties": {"id": "ORD-1058", "value": 786}, "geometry": {"type": "Point", "coordinates": [73.05766, 33.72089]}}, {"type": "Feature", "properties": {"id": "ORD-1473", "value": 628}, "geometry": {"type": "Point", "coordinates": [72.99109, 33.68769]}}, {"type": "Feature", "properties": {"id": "ORD-1760", "value": 477}, "geometry": {"type": "Point", "coordinates": [72.96516, 33.7028]}}, {"type": "Feature", "properties": {"id": "ORD-1779", "value": 436}, "geometry": {"type": "Point", "coordinates": [72.96795, 33.70699]}}, {"type": "Feature", "properties": {"id": "ORD-1645", "value": 946}, "geometry": {"type": "Point", "coordinates": [73.07417, 33.65706]}}, {"type": "Feature", "properties": {"id": "ORD-1402", "value": 1152}, "geometry": {"type": "Point", "coordinates": [72.98993, 33.69094]}}, {"type": "Feature", "properties": {"id": "ORD-1560", "value": 783}, "geometry": {"type": "Point", "coordinates": [73.028, 33.69052]}}, {"type": "Feature", "properties": {"id": "ORD-1726", "value": 465}, "geometry": {"type": "Point", "coordinates": [72.972, 33.71477]}}, {"type": "Feature", "properties": {"id": "ORD-1677", "value": 1202}, "geometry": {"type": "Point", "coordinates": [72.99376, 33.67074]}}, {"type": "Feature", "properties": {"id": "ORD-1202", "value": 993}, "geometry": {"type": "Point", "coordinates": [73.06374, 33.73811]}}, {"type": "Feature", "properties": {"id": "ORD-1966", "value": 3616}, "geometry": {"type": "Point", "coordinates": [73.17341, 33.63629]}}, {"type": "Feature", "properties": {"id": "ORD-1754", "value": 1101}, "geometry": {"type": "Point", "coordinates": [72.96553, 33.71056]}}, {"type": "Feature", "properties": {"id": "ORD-1405", "value": 422}, "geometry": {"type": "Point", "coordinates": [72.99165, 33.70006]}}, {"type": "Feature", "properties": {"id": "ORD-1847", "value": 781}, "geometry": {"type": "Point", "coordinates": [72.96885, 33.70086]}}, {"type": "Feature", "properties": {"id": "ORD-1019", "value": 930}, "geometry": {"type": "Point", "coordinates": [73.06481, 33.72204]}}, {"type": "Feature", "properties": {"id": "ORD-1138", "value": 1176}, "geometry": {"type": "Point", "coordinates": [73.04651, 33.71906]}}, {"type": "Feature", "properties": {"id": "ORD-1498", "value": 798}, "geometry": {"type": "Point", "coordinates": [73.02554, 33.69374]}}, {"type": "Feature", "properties": {"id": "ORD-1481", "value": 601}, "geometry": {"type": "Point", "coordinates": [72.98524, 33.68936]}}, {"type": "Feature", "properties": {"id": "ORD-1305", "value": 732}, "geometry": {"type": "Point", "coordinates": [73.04853, 33.70937]}}, {"type": "Feature", "properties": {"id": "ORD-1696", "value": 1592}, "geometry": {"type": "Point", "coordinates": [72.99359, 33.67195]}}, {"type": "Feature", "properties": {"id": "ORD-2019", "value": 774}, "geometry": {"type": "Point", "coordinates": [73.14844, 33.63102]}}, {"type": "Feature", "properties": {"id": "ORD-1814", "value": 1341}, "geometry": {"type": "Point", "coordinates": [72.97286, 33.7147]}}, {"type": "Feature", "properties": {"id": "ORD-1538", "value": 1088}, "geometry": {"type": "Point", "coordinates": [73.03467, 33.6844]}}, {"type": "Feature", "properties": {"id": "ORD-1520", "value": 1057}, "geometry": {"type": "Point", "coordinates": [73.0309, 33.69061]}}, {"type": "Feature", "properties": {"id": "ORD-1845", "value": 717}, "geometry": {"type": "Point", "coordinates": [72.9714, 33.70004]}}, {"type": "Feature", "properties": {"id": "ORD-1370", "value": 979}, "geometry": {"type": "Point", "coordinates": [73.0577, 33.70293]}}, {"type": "Feature", "properties": {"id": "ORD-1241", "value": 409}, "geometry": {"type": "Point", "coordinates": [73.07003, 33.72791]}}, {"type": "Feature", "properties": {"id": "ORD-1646", "value": 1618}, "geometry": {"type": "Point", "coordinates": [73.07777, 33.66583]}}, {"type": "Feature", "properties": {"id": "ORD-1266", "value": 630}, "geometry": {"type": "Point", "coordinates": [73.05917, 33.73275]}}, {"type": "Feature", "properties": {"id": "ORD-1419", "value": 1652}, "geometry": {"type": "Point", "coordinates": [72.97554, 33.6938]}}, {"type": "Feature", "properties": {"id": "ORD-1924", "value": 831}, "geometry": {"type": "Point", "coordinates": [73.15137, 33.66384]}}, {"type": "Feature", "properties": {"id": "ORD-1666", "value": 1417}, "geometry": {"type": "Point", "coordinates": [73.00161, 33.67071]}}, {"type": "Feature", "properties": {"id": "ORD-1630", "value": 498}, "geometry": {"type": "Point", "coordinates": [73.05753, 33.65895]}}, {"type": "Feature", "properties": {"id": "ORD-1978", "value": 3309}, "geometry": {"type": "Point", "coordinates": [73.16285, 33.64576]}}, {"type": "Feature", "properties": {"id": "ORD-2008", "value": 5493}, "geometry": {"type": "Point", "coordinates": [73.15627, 33.64278]}}, {"type": "Feature", "properties": {"id": "ORD-1189", "value": 413}, "geometry": {"type": "Point", "coordinates": [73.06886, 33.72758]}}, {"type": "Feature", "properties": {"id": "ORD-2018", "value": 806}, "geometry": {"type": "Point", "coordinates": [73.15429, 33.66084]}}, {"type": "Feature", "properties": {"id": "ORD-2052", "value": 2230}, "geometry": {"type": "Point", "coordinates": [73.15828, 33.65195]}}, {"type": "Feature", "properties": {"id": "ORD-1371", "value": 407}, "geometry": {"type": "Point", "coordinates": [73.05713, 33.71363]}}, {"type": "Feature", "properties": {"id": "ORD-1087", "value": 1796}, "geometry": {"type": "Point", "coordinates": [73.06211, 33.72466]}}, {"type": "Feature", "properties": {"id": "ORD-1120", "value": 847}, "geometry": {"type": "Point", "coordinates": [73.04441, 33.70209]}}, {"type": "Feature", "properties": {"id": "ORD-1098", "value": 727}, "geometry": {"type": "Point", "coordinates": [73.04816, 33.71483]}}, {"type": "Feature", "properties": {"id": "ORD-2006", "value": 1646}, "geometry": {"type": "Point", "coordinates": [73.14925, 33.64257]}}, {"type": "Feature", "properties": {"id": "ORD-1659", "value": 348}, "geometry": {"type": "Point", "coordinates": [73.0108, 33.6689]}}, {"type": "Feature", "properties": {"id": "ORD-1143", "value": 511}, "geometry": {"type": "Point", "coordinates": [73.05674, 33.71672]}}, {"type": "Feature", "properties": {"id": "ORD-1877", "value": 252}, "geometry": {"type": "Point", "coordinates": [72.96951, 33.70728]}}, {"type": "Feature", "properties": {"id": "ORD-1156", "value": 491}, "geometry": {"type": "Point", "coordinates": [73.08075, 33.71832]}}, {"type": "Feature", "properties": {"id": "ORD-1262", "value": 663}, "geometry": {"type": "Point", "coordinates": [73.08428, 33.73048]}}, {"type": "Feature", "properties": {"id": "ORD-2031", "value": 768}, "geometry": {"type": "Point", "coordinates": [73.15916, 33.6586]}}, {"type": "Feature", "properties": {"id": "ORD-1921", "value": 2515}, "geometry": {"type": "Point", "coordinates": [73.15559, 33.65268]}}, {"type": "Feature", "properties": {"id": "ORD-1923", "value": 882}, "geometry": {"type": "Point", "coordinates": [73.15602, 33.64793]}}, {"type": "Feature", "properties": {"id": "ORD-1541", "value": 1120}, "geometry": {"type": "Point", "coordinates": [73.0338, 33.6981]}}, {"type": "Feature", "properties": {"id": "ORD-1839", "value": 817}, "geometry": {"type": "Point", "coordinates": [72.9733, 33.69816]}}, {"type": "Feature", "properties": {"id": "ORD-1639", "value": 1501}, "geometry": {"type": "Point", "coordinates": [73.08883, 33.65277]}}, {"type": "Feature", "properties": {"id": "ORD-1041", "value": 471}, "geometry": {"type": "Point", "coordinates": [73.04608, 33.71397]}}, {"type": "Feature", "properties": {"id": "ORD-1908", "value": 885}, "geometry": {"type": "Point", "coordinates": [72.95318, 33.71129]}}, {"type": "Feature", "properties": {"id": "ORD-1775", "value": 390}, "geometry": {"type": "Point", "coordinates": [72.9782, 33.69905]}}, {"type": "Feature", "properties": {"id": "ORD-1979", "value": 2532}, "geometry": {"type": "Point", "coordinates": [73.16118, 33.66087]}}, {"type": "Feature", "properties": {"id": "ORD-1413", "value": 1644}, "geometry": {"type": "Point", "coordinates": [72.98226, 33.69779]}}, {"type": "Feature", "properties": {"id": "ORD-1916", "value": 229}, "geometry": {"type": "Point", "coordinates": [72.97627, 33.7106]}}, {"type": "Feature", "properties": {"id": "ORD-1096", "value": 568}, "geometry": {"type": "Point", "coordinates": [73.05833, 33.71589]}}, {"type": "Feature", "properties": {"id": "ORD-1355", "value": 511}, "geometry": {"type": "Point", "coordinates": [73.05071, 33.71163]}}, {"type": "Feature", "properties": {"id": "ORD-1664", "value": 558}, "geometry": {"type": "Point", "coordinates": [73.00617, 33.66894]}}, {"type": "Feature", "properties": {"id": "ORD-1070", "value": 1629}, "geometry": {"type": "Point", "coordinates": [73.0615, 33.72209]}}, {"type": "Feature", "properties": {"id": "ORD-1638", "value": 1434}, "geometry": {"type": "Point", "coordinates": [73.08233, 33.6768]}}, {"type": "Feature", "properties": {"id": "ORD-1083", "value": 1524}, "geometry": {"type": "Point", "coordinates": [73.05051, 33.72338]}}, {"type": "Feature", "properties": {"id": "ORD-1178", "value": 1551}, "geometry": {"type": "Point", "coordinates": [73.07685, 33.72747]}}, {"type": "Feature", "properties": {"id": "ORD-1453", "value": 2067}, "geometry": {"type": "Point", "coordinates": [73.0001, 33.70216]}}, {"type": "Feature", "properties": {"id": "ORD-1786", "value": 480}, "geometry": {"type": "Point", "coordinates": [72.97682, 33.71061]}}, {"type": "Feature", "properties": {"id": "ORD-1990", "value": 3116}, "geometry": {"type": "Point", "coordinates": [73.15346, 33.65311]}}, {"type": "Feature", "properties": {"id": "ORD-1587", "value": 444}, "geometry": {"type": "Point", "coordinates": [73.07466, 33.66732]}}, {"type": "Feature", "properties": {"id": "ORD-1072", "value": 869}, "geometry": {"type": "Point", "coordinates": [73.06883, 33.72029]}}, {"type": "Feature", "properties": {"id": "ORD-1577", "value": 775}, "geometry": {"type": "Point", "coordinates": [73.02129, 33.69329]}}, {"type": "Feature", "properties": {"id": "ORD-1586", "value": 409}, "geometry": {"type": "Point", "coordinates": [73.06039, 33.66707]}}, {"type": "Feature", "properties": {"id": "ORD-1684", "value": 799}, "geometry": {"type": "Point", "coordinates": [73.00666, 33.68101]}}, {"type": "Feature", "properties": {"id": "ORD-1101", "value": 749}, "geometry": {"type": "Point", "coordinates": [73.05346, 33.71828]}}, {"type": "Feature", "properties": {"id": "ORD-2014", "value": 1241}, "geometry": {"type": "Point", "coordinates": [73.14136, 33.66817]}}, {"type": "Feature", "properties": {"id": "ORD-1745", "value": 344}, "geometry": {"type": "Point", "coordinates": [72.97977, 33.70756]}}, {"type": "Feature", "properties": {"id": "ORD-1265", "value": 467}, "geometry": {"type": "Point", "coordinates": [73.06631, 33.71408]}}, {"type": "Feature", "properties": {"id": "ORD-1474", "value": 938}, "geometry": {"type": "Point", "coordinates": [72.98888, 33.68876]}}, {"type": "Feature", "properties": {"id": "ORD-1739", "value": 994}, "geometry": {"type": "Point", "coordinates": [72.95501, 33.71395]}}, {"type": "Feature", "properties": {"id": "ORD-1608", "value": 957}, "geometry": {"type": "Point", "coordinates": [73.07309, 33.66753]}}, {"type": "Feature", "properties": {"id": "ORD-1531", "value": 1191}, "geometry": {"type": "Point", "coordinates": [73.01982, 33.69148]}}, {"type": "Feature", "properties": {"id": "ORD-1592", "value": 711}, "geometry": {"type": "Point", "coordinates": [73.07504, 33.66874]}}, {"type": "Feature", "properties": {"id": "ORD-1408", "value": 410}, "geometry": {"type": "Point", "coordinates": [72.99474, 33.69268]}}, {"type": "Feature", "properties": {"id": "ORD-1632", "value": 500}, "geometry": {"type": "Point", "coordinates": [73.08788, 33.66662]}}, {"type": "Feature", "properties": {"id": "ORD-1831", "value": 458}, "geometry": {"type": "Point", "coordinates": [72.97157, 33.7075]}}, {"type": "Feature", "properties": {"id": "ORD-1668", "value": 879}, "geometry": {"type": "Point", "coordinates": [72.99263, 33.65963]}}, {"type": "Feature", "properties": {"id": "ORD-1605", "value": 421}, "geometry": {"type": "Point", "coordinates": [73.0762, 33.67506]}}, {"type": "Feature", "properties": {"id": "ORD-1759", "value": 321}, "geometry": {"type": "Point", "coordinates": [72.97308, 33.70035]}}, {"type": "Feature", "properties": {"id": "ORD-1436", "value": 765}, "geometry": {"type": "Point", "coordinates": [72.9927, 33.68794]}}, {"type": "Feature", "properties": {"id": "ORD-1703", "value": 542}, "geometry": {"type": "Point", "coordinates": [72.9967, 33.66849]}}, {"type": "Feature", "properties": {"id": "ORD-1846", "value": 225}, "geometry": {"type": "Point", "coordinates": [72.97529, 33.69693]}}, {"type": "Feature", "properties": {"id": "ORD-1040", "value": 375}, "geometry": {"type": "Point", "coordinates": [73.0609, 33.72439]}}, {"type": "Feature", "properties": {"id": "ORD-1326", "value": 549}, "geometry": {"type": "Point", "coordinates": [73.05026, 33.70679]}}, {"type": "Feature", "properties": {"id": "ORD-1073", "value": 738}, "geometry": {"type": "Point", "coordinates": [73.06436, 33.72311]}}, {"type": "Feature", "properties": {"id": "ORD-1106", "value": 1284}, "geometry": {"type": "Point", "coordinates": [73.07899, 33.72628]}}, {"type": "Feature", "properties": {"id": "ORD-1244", "value": 850}, "geometry": {"type": "Point", "coordinates": [73.07841, 33.73495]}}, {"type": "Feature", "properties": {"id": "ORD-1366", "value": 595}, "geometry": {"type": "Point", "coordinates": [73.06031, 33.70834]}}, {"type": "Feature", "properties": {"id": "ORD-2036", "value": 1491}, "geometry": {"type": "Point", "coordinates": [73.16074, 33.65252]}}, {"type": "Feature", "properties": {"id": "ORD-1486", "value": 372}, "geometry": {"type": "Point", "coordinates": [72.97707, 33.69434]}}, {"type": "Feature", "properties": {"id": "ORD-1960", "value": 2217}, "geometry": {"type": "Point", "coordinates": [73.15269, 33.67213]}}, {"type": "Feature", "properties": {"id": "ORD-1505", "value": 494}, "geometry": {"type": "Point", "coordinates": [73.02242, 33.69005]}}, {"type": "Feature", "properties": {"id": "ORD-1893", "value": 1481}, "geometry": {"type": "Point", "coordinates": [72.9716, 33.71616]}}, {"type": "Feature", "properties": {"id": "ORD-1062", "value": 571}, "geometry": {"type": "Point", "coordinates": [73.05649, 33.72419]}}, {"type": "Feature", "properties": {"id": "ORD-1962", "value": 741}, "geometry": {"type": "Point", "coordinates": [73.14165, 33.66927]}}, {"type": "Feature", "properties": {"id": "ORD-1447", "value": 502}, "geometry": {"type": "Point", "coordinates": [72.99987, 33.69223]}}, {"type": "Feature", "properties": {"id": "ORD-1301", "value": 588}, "geometry": {"type": "Point", "coordinates": [73.05179, 33.71182]}}, {"type": "Feature", "properties": {"id": "ORD-1819", "value": 241}, "geometry": {"type": "Point", "coordinates": [72.96475, 33.7181]}}, {"type": "Feature", "properties": {"id": "ORD-1403", "value": 597}, "geometry": {"type": "Point", "coordinates": [72.99575, 33.69044]}}, {"type": "Feature", "properties": {"id": "ORD-1208", "value": 691}, "geometry": {"type": "Point", "coordinates": [73.06885, 33.71875]}}, {"type": "Feature", "properties": {"id": "ORD-1947", "value": 1335}, "geometry": {"type": "Point", "coordinates": [73.15555, 33.65413]}}, {"type": "Feature", "properties": {"id": "ORD-1136", "value": 496}, "geometry": {"type": "Point", "coordinates": [73.05609, 33.71947]}}, {"type": "Feature", "properties": {"id": "ORD-1323", "value": 1380}, "geometry": {"type": "Point", "coordinates": [73.05826, 33.7165]}}, {"type": "Feature", "properties": {"id": "ORD-1239", "value": 1472}, "geometry": {"type": "Point", "coordinates": [73.08346, 33.73215]}}, {"type": "Feature", "properties": {"id": "ORD-1099", "value": 738}, "geometry": {"type": "Point", "coordinates": [73.05566, 33.71704]}}, {"type": "Feature", "properties": {"id": "ORD-1247", "value": 1705}, "geometry": {"type": "Point", "coordinates": [73.06644, 33.73025]}}, {"type": "Feature", "properties": {"id": "ORD-1475", "value": 557}, "geometry": {"type": "Point", "coordinates": [72.98277, 33.69713]}}, {"type": "Feature", "properties": {"id": "ORD-1033", "value": 507}, "geometry": {"type": "Point", "coordinates": [73.05634, 33.72468]}}, {"type": "Feature", "properties": {"id": "ORD-1238", "value": 2545}, "geometry": {"type": "Point", "coordinates": [73.07018, 33.73201]}}, {"type": "Feature", "properties": {"id": "ORD-1740", "value": 892}, "geometry": {"type": "Point", "coordinates": [72.97183, 33.70057]}}, {"type": "Feature", "properties": {"id": "ORD-1891", "value": 463}, "geometry": {"type": "Point", "coordinates": [72.97474, 33.70786]}}, {"type": "Feature", "properties": {"id": "ORD-1838", "value": 1188}, "geometry": {"type": "Point", "coordinates": [72.97301, 33.70117]}}, {"type": "Feature", "properties": {"id": "ORD-1259", "value": 1837}, "geometry": {"type": "Point", "coordinates": [73.07787, 33.72237]}}, {"type": "Feature", "properties": {"id": "ORD-1119", "value": 1306}, "geometry": {"type": "Point", "coordinates": [73.05574, 33.72946]}}, {"type": "Feature", "properties": {"id": "ORD-1803", "value": 486}, "geometry": {"type": "Point", "coordinates": [72.95613, 33.7035]}}, {"type": "Feature", "properties": {"id": "ORD-1147", "value": 574}, "geometry": {"type": "Point", "coordinates": [73.0548, 33.71815]}}, {"type": "Feature", "properties": {"id": "ORD-1565", "value": 1613}, "geometry": {"type": "Point", "coordinates": [73.02185, 33.69624]}}, {"type": "Feature", "properties": {"id": "ORD-1256", "value": 1442}, "geometry": {"type": "Point", "coordinates": [73.08485, 33.72172]}}, {"type": "Feature", "properties": {"id": "ORD-1996", "value": 1862}, "geometry": {"type": "Point", "coordinates": [73.14089, 33.63466]}}, {"type": "Feature", "properties": {"id": "ORD-1476", "value": 1284}, "geometry": {"type": "Point", "coordinates": [72.9917, 33.69312]}}, {"type": "Feature", "properties": {"id": "ORD-1260", "value": 1045}, "geometry": {"type": "Point", "coordinates": [73.07473, 33.7243]}}, {"type": "Feature", "properties": {"id": "ORD-2059", "value": 3213}, "geometry": {"type": "Point", "coordinates": [73.15285, 33.67267]}}, {"type": "Feature", "properties": {"id": "ORD-1691", "value": 596}, "geometry": {"type": "Point", "coordinates": [73.00086, 33.66423]}}, {"type": "Feature", "properties": {"id": "ORD-1548", "value": 410}, "geometry": {"type": "Point", "coordinates": [73.02561, 33.69013]}}, {"type": "Feature", "properties": {"id": "ORD-1280", "value": 433}, "geometry": {"type": "Point", "coordinates": [73.05403, 33.70597]}}, {"type": "Feature", "properties": {"id": "ORD-1667", "value": 1434}, "geometry": {"type": "Point", "coordinates": [73.01049, 33.65987]}}, {"type": "Feature", "properties": {"id": "ORD-1466", "value": 1482}, "geometry": {"type": "Point", "coordinates": [73.00032, 33.69836]}}, {"type": "Feature", "properties": {"id": "ORD-1631", "value": 331}, "geometry": {"type": "Point", "coordinates": [73.08151, 33.66324]}}, {"type": "Feature", "properties": {"id": "ORD-1635", "value": 501}, "geometry": {"type": "Point", "coordinates": [73.0798, 33.65803]}}, {"type": "Feature", "properties": {"id": "ORD-1080", "value": 544}, "geometry": {"type": "Point", "coordinates": [73.0541, 33.72377]}}, {"type": "Feature", "properties": {"id": "ORD-1687", "value": 1706}, "geometry": {"type": "Point", "coordinates": [72.98075, 33.66576]}}, {"type": "Feature", "properties": {"id": "ORD-1633", "value": 745}, "geometry": {"type": "Point", "coordinates": [73.07683, 33.65887]}}, {"type": "Feature", "properties": {"id": "ORD-1882", "value": 469}, "geometry": {"type": "Point", "coordinates": [72.96645, 33.70748]}}, {"type": "Feature", "properties": {"id": "ORD-1488", "value": 1546}, "geometry": {"type": "Point", "coordinates": [72.99392, 33.69206]}}, {"type": "Feature", "properties": {"id": "ORD-1242", "value": 2189}, "geometry": {"type": "Point", "coordinates": [73.07727, 33.73101]}}, {"type": "Feature", "properties": {"id": "ORD-1937", "value": 1562}, "geometry": {"type": "Point", "coordinates": [73.15234, 33.66849]}}, {"type": "Feature", "properties": {"id": "ORD-1941", "value": 2104}, "geometry": {"type": "Point", "coordinates": [73.15915, 33.62459]}}, {"type": "Feature", "properties": {"id": "ORD-1988", "value": 2919}, "geometry": {"type": "Point", "coordinates": [73.15936, 33.65552]}}, {"type": "Feature", "properties": {"id": "ORD-1647", "value": 367}, "geometry": {"type": "Point", "coordinates": [73.08474, 33.66384]}}, {"type": "Feature", "properties": {"id": "ORD-1863", "value": 505}, "geometry": {"type": "Point", "coordinates": [72.9741, 33.70213]}}, {"type": "Feature", "properties": {"id": "ORD-1060", "value": 1370}, "geometry": {"type": "Point", "coordinates": [73.05688, 33.71636]}}, {"type": "Feature", "properties": {"id": "ORD-1933", "value": 1337}, "geometry": {"type": "Point", "coordinates": [73.16774, 33.66681]}}, {"type": "Feature", "properties": {"id": "ORD-1504", "value": 449}, "geometry": {"type": "Point", "coordinates": [73.0355, 33.68907]}}, {"type": "Feature", "properties": {"id": "ORD-1511", "value": 851}, "geometry": {"type": "Point", "coordinates": [73.0375, 33.68283]}}, {"type": "Feature", "properties": {"id": "ORD-1883", "value": 409}, "geometry": {"type": "Point", "coordinates": [72.97297, 33.70131]}}, {"type": "Feature", "properties": {"id": "ORD-1864", "value": 1386}, "geometry": {"type": "Point", "coordinates": [72.95541, 33.7048]}}, {"type": "Feature", "properties": {"id": "ORD-1555", "value": 704}, "geometry": {"type": "Point", "coordinates": [73.02008, 33.69287]}}, {"type": "Feature", "properties": {"id": "ORD-1077", "value": 726}, "geometry": {"type": "Point", "coordinates": [73.05475, 33.72473]}}, {"type": "Feature", "properties": {"id": "ORD-1699", "value": 706}, "geometry": {"type": "Point", "coordinates": [72.99046, 33.65896]}}, {"type": "Feature", "properties": {"id": "ORD-1870", "value": 579}, "geometry": {"type": "Point", "coordinates": [72.95593, 33.70621]}}, {"type": "Feature", "properties": {"id": "ORD-1758", "value": 895}, "geometry": {"type": "Point", "coordinates": [72.96153, 33.70138]}}, {"type": "Feature", "properties": {"id": "ORD-1802", "value": 732}, "geometry": {"type": "Point", "coordinates": [72.96611, 33.6952]}}, {"type": "Feature", "properties": {"id": "ORD-1425", "value": 433}, "geometry": {"type": "Point", "coordinates": [72.9838, 33.69425]}}, {"type": "Feature", "properties": {"id": "ORD-1501", "value": 712}, "geometry": {"type": "Point", "coordinates": [73.02083, 33.69381]}}, {"type": "Feature", "properties": {"id": "ORD-1204", "value": 434}, "geometry": {"type": "Point", "coordinates": [73.07135, 33.71709]}}, {"type": "Feature", "properties": {"id": "ORD-1327", "value": 631}, "geometry": {"type": "Point", "coordinates": [73.04683, 33.70496]}}, {"type": "Feature", "properties": {"id": "ORD-1851", "value": 829}, "geometry": {"type": "Point", "coordinates": [72.9735, 33.7087]}}, {"type": "Feature", "properties": {"id": "ORD-1611", "value": 1168}, "geometry": {"type": "Point", "coordinates": [73.09134, 33.65151]}}, {"type": "Feature", "properties": {"id": "ORD-1841", "value": 469}, "geometry": {"type": "Point", "coordinates": [72.96319, 33.70405]}}, {"type": "Feature", "properties": {"id": "ORD-1483", "value": 1568}, "geometry": {"type": "Point", "coordinates": [72.9875, 33.68397]}}, {"type": "Feature", "properties": {"id": "ORD-1799", "value": 420}, "geometry": {"type": "Point", "coordinates": [72.96523, 33.71044]}}, {"type": "Feature", "properties": {"id": "ORD-1895", "value": 427}, "geometry": {"type": "Point", "coordinates": [72.97503, 33.70823]}}, {"type": "Feature", "properties": {"id": "ORD-1347", "value": 1150}, "geometry": {"type": "Point", "coordinates": [73.05884, 33.71001]}}, {"type": "Feature", "properties": {"id": "ORD-1074", "value": 1594}, "geometry": {"type": "Point", "coordinates": [73.06125, 33.7239]}}, {"type": "Feature", "properties": {"id": "ORD-1307", "value": 1417}, "geometry": {"type": "Point", "coordinates": [73.04378, 33.71145]}}, {"type": "Feature", "properties": {"id": "ORD-1385", "value": 493}, "geometry": {"type": "Point", "coordinates": [73.05858, 33.70996]}}, {"type": "Feature", "properties": {"id": "ORD-1568", "value": 848}, "geometry": {"type": "Point", "coordinates": [73.02149, 33.68877]}}, {"type": "Feature", "properties": {"id": "ORD-1160", "value": 1835}, "geometry": {"type": "Point", "coordinates": [73.07627, 33.73606]}}, {"type": "Feature", "properties": {"id": "ORD-2030", "value": 3880}, "geometry": {"type": "Point", "coordinates": [73.15621, 33.64909]}}, {"type": "Feature", "properties": {"id": "ORD-1805", "value": 325}, "geometry": {"type": "Point", "coordinates": [72.96077, 33.70491]}}, {"type": "Feature", "properties": {"id": "ORD-1302", "value": 899}, "geometry": {"type": "Point", "coordinates": [73.05703, 33.70352]}}, {"type": "Feature", "properties": {"id": "ORD-1543", "value": 1394}, "geometry": {"type": "Point", "coordinates": [73.02834, 33.68259]}}, {"type": "Feature", "properties": {"id": "ORD-1456", "value": 1718}, "geometry": {"type": "Point", "coordinates": [72.98606, 33.70361]}}, {"type": "Feature", "properties": {"id": "ORD-1382", "value": 396}, "geometry": {"type": "Point", "coordinates": [73.05532, 33.71325]}}, {"type": "Feature", "properties": {"id": "ORD-1644", "value": 1055}, "geometry": {"type": "Point", "coordinates": [73.09539, 33.6599]}}, {"type": "Feature", "properties": {"id": "ORD-1747", "value": 433}, "geometry": {"type": "Point", "coordinates": [72.96418, 33.7148]}}, {"type": "Feature", "properties": {"id": "ORD-1146", "value": 1689}, "geometry": {"type": "Point", "coordinates": [73.05086, 33.72088]}}, {"type": "Feature", "properties": {"id": "ORD-1155", "value": 1302}, "geometry": {"type": "Point", "coordinates": [73.07925, 33.72519]}}, {"type": "Feature", "properties": {"id": "ORD-2011", "value": 2868}, "geometry": {"type": "Point", "coordinates": [73.16237, 33.65073]}}, {"type": "Feature", "properties": {"id": "ORD-1298", "value": 735}, "geometry": {"type": "Point", "coordinates": [73.05367, 33.706]}}, {"type": "Feature", "properties": {"id": "ORD-2017", "value": 3565}, "geometry": {"type": "Point", "coordinates": [73.14264, 33.65416]}}, {"type": "Feature", "properties": {"id": "ORD-1017", "value": 2571}, "geometry": {"type": "Point", "coordinates": [73.05199, 33.72238]}}, {"type": "Feature", "properties": {"id": "ORD-1554", "value": 1520}, "geometry": {"type": "Point", "coordinates": [73.04482, 33.69039]}}, {"type": "Feature", "properties": {"id": "ORD-1873", "value": 1059}, "geometry": {"type": "Point", "coordinates": [72.96343, 33.71166]}}, {"type": "Feature", "properties": {"id": "ORD-1440", "value": 1684}, "geometry": {"type": "Point", "coordinates": [72.99268, 33.69748]}}, {"type": "Feature", "properties": {"id": "ORD-1306", "value": 685}, "geometry": {"type": "Point", "coordinates": [73.0567, 33.70898]}}, {"type": "Feature", "properties": {"id": "ORD-1452", "value": 1248}, "geometry": {"type": "Point", "coordinates": [72.99257, 33.67827]}}, {"type": "Feature", "properties": {"id": "ORD-1054", "value": 780}, "geometry": {"type": "Point", "coordinates": [73.05456, 33.72616]}}, {"type": "Feature", "properties": {"id": "ORD-2038", "value": 3534}, "geometry": {"type": "Point", "coordinates": [73.1595, 33.655]}}, {"type": "Feature", "properties": {"id": "ORD-1467", "value": 900}, "geometry": {"type": "Point", "coordinates": [72.98788, 33.69816]}}, {"type": "Feature", "properties": {"id": "ORD-1449", "value": 1536}, "geometry": {"type": "Point", "coordinates": [72.98838, 33.69674]}}, {"type": "Feature", "properties": {"id": "ORD-1438", "value": 1564}, "geometry": {"type": "Point", "coordinates": [72.99662, 33.68923]}}, {"type": "Feature", "properties": {"id": "ORD-1052", "value": 2664}, "geometry": {"type": "Point", "coordinates": [73.05428, 33.72566]}}, {"type": "Feature", "properties": {"id": "ORD-1218", "value": 884}, "geometry": {"type": "Point", "coordinates": [73.079, 33.73457]}}, {"type": "Feature", "properties": {"id": "ORD-1594", "value": 777}, "geometry": {"type": "Point", "coordinates": [73.08096, 33.66291]}}, {"type": "Feature", "properties": {"id": "ORD-1716", "value": 230}, "geometry": {"type": "Point", "coordinates": [72.96634, 33.70269]}}, {"type": "Feature", "properties": {"id": "ORD-2035", "value": 3045}, "geometry": {"type": "Point", "coordinates": [73.1403, 33.65373]}}, {"type": "Feature", "properties": {"id": "ORD-1648", "value": 993}, "geometry": {"type": "Point", "coordinates": [73.09758, 33.67124]}}, {"type": "Feature", "properties": {"id": "ORD-1173", "value": 791}, "geometry": {"type": "Point", "coordinates": [73.0681, 33.71625]}}, {"type": "Feature", "properties": {"id": "ORD-1642", "value": 1101}, "geometry": {"type": "Point", "coordinates": [73.07766, 33.67277]}}, {"type": "Feature", "properties": {"id": "ORD-1291", "value": 1043}, "geometry": {"type": "Point", "coordinates": [73.05193, 33.71321]}}, {"type": "Feature", "properties": {"id": "ORD-2051", "value": 1860}, "geometry": {"type": "Point", "coordinates": [73.16871, 33.64864]}}, {"type": "Feature", "properties": {"id": "ORD-1822", "value": 478}, "geometry": {"type": "Point", "coordinates": [72.97222, 33.71182]}}, {"type": "Feature", "properties": {"id": "ORD-1130", "value": 693}, "geometry": {"type": "Point", "coordinates": [73.0475, 33.72153]}}, {"type": "Feature", "properties": {"id": "ORD-1813", "value": 550}, "geometry": {"type": "Point", "coordinates": [72.96942, 33.70728]}}, {"type": "Feature", "properties": {"id": "ORD-1570", "value": 546}, "geometry": {"type": "Point", "coordinates": [73.03504, 33.69428]}}, {"type": "Feature", "properties": {"id": "ORD-1435", "value": 754}, "geometry": {"type": "Point", "coordinates": [72.98752, 33.69855]}}, {"type": "Feature", "properties": {"id": "ORD-1212", "value": 625}, "geometry": {"type": "Point", "coordinates": [73.07368, 33.72891]}}, {"type": "Feature", "properties": {"id": "ORD-2033", "value": 1722}, "geometry": {"type": "Point", "coordinates": [73.16418, 33.64635]}}, {"type": "Feature", "properties": {"id": "ORD-1506", "value": 2268}, "geometry": {"type": "Point", "coordinates": [73.02793, 33.68521]}}, {"type": "Feature", "properties": {"id": "ORD-1619", "value": 963}, "geometry": {"type": "Point", "coordinates": [73.07613, 33.66377]}}, {"type": "Feature", "properties": {"id": "ORD-1022", "value": 789}, "geometry": {"type": "Point", "coordinates": [73.05704, 33.72236]}}, {"type": "Feature", "properties": {"id": "ORD-1372", "value": 1387}, "geometry": {"type": "Point", "coordinates": [73.05303, 33.71112]}}, {"type": "Feature", "properties": {"id": "ORD-1137", "value": 2451}, "geometry": {"type": "Point", "coordinates": [73.06501, 33.71487]}}, {"type": "Feature", "properties": {"id": "ORD-2016", "value": 1022}, "geometry": {"type": "Point", "coordinates": [73.17672, 33.63935]}}, {"type": "Feature", "properties": {"id": "ORD-2001", "value": 3267}, "geometry": {"type": "Point", "coordinates": [73.15875, 33.64056]}}, {"type": "Feature", "properties": {"id": "ORD-1397", "value": 314}, "geometry": {"type": "Point", "coordinates": [73.05004, 33.70656]}}, {"type": "Feature", "properties": {"id": "ORD-1277", "value": 753}, "geometry": {"type": "Point", "coordinates": [73.06394, 33.70996]}}, {"type": "Feature", "properties": {"id": "ORD-1167", "value": 748}, "geometry": {"type": "Point", "coordinates": [73.05842, 33.73571]}}, {"type": "Feature", "properties": {"id": "ORD-1701", "value": 1710}, "geometry": {"type": "Point", "coordinates": [72.99234, 33.67989]}}, {"type": "Feature", "properties": {"id": "ORD-1243", "value": 1320}, "geometry": {"type": "Point", "coordinates": [73.06907, 33.71641]}}, {"type": "Feature", "properties": {"id": "ORD-1450", "value": 898}, "geometry": {"type": "Point", "coordinates": [72.98124, 33.6908]}}, {"type": "Feature", "properties": {"id": "ORD-1880", "value": 482}, "geometry": {"type": "Point", "coordinates": [72.96534, 33.70164]}}, {"type": "Feature", "properties": {"id": "ORD-1795", "value": 1614}, "geometry": {"type": "Point", "coordinates": [72.98147, 33.69742]}}, {"type": "Feature", "properties": {"id": "ORD-1126", "value": 429}, "geometry": {"type": "Point", "coordinates": [73.0535, 33.72419]}}, {"type": "Feature", "properties": {"id": "ORD-1857", "value": 362}, "geometry": {"type": "Point", "coordinates": [72.96105, 33.69972]}}, {"type": "Feature", "properties": {"id": "ORD-1350", "value": 484}, "geometry": {"type": "Point", "coordinates": [73.05365, 33.70363]}}, {"type": "Feature", "properties": {"id": "ORD-1214", "value": 705}, "geometry": {"type": "Point", "coordinates": [73.06626, 33.72289]}}, {"type": "Feature", "properties": {"id": "ORD-1337", "value": 538}, "geometry": {"type": "Point", "coordinates": [73.05698, 33.70664]}}, {"type": "Feature", "properties": {"id": "ORD-1712", "value": 576}, "geometry": {"type": "Point", "coordinates": [72.97189, 33.71472]}}, {"type": "Feature", "properties": {"id": "ORD-2025", "value": 1438}, "geometry": {"type": "Point", "coordinates": [73.1586, 33.67339]}}, {"type": "Feature", "properties": {"id": "ORD-1285", "value": 473}, "geometry": {"type": "Point", "coordinates": [73.05623, 33.70333]}}, {"type": "Feature", "properties": {"id": "ORD-1317", "value": 654}, "geometry": {"type": "Point", "coordinates": [73.04662, 33.71196]}}, {"type": "Feature", "properties": {"id": "ORD-1133", "value": 1746}, "geometry": {"type": "Point", "coordinates": [73.0598, 33.72996]}}, {"type": "Feature", "properties": {"id": "ORD-1183", "value": 2041}, "geometry": {"type": "Point", "coordinates": [73.06781, 33.71903]}}, {"type": "Feature", "properties": {"id": "ORD-1008", "value": 508}, "geometry": {"type": "Point", "coordinates": [73.04241, 33.7122]}}, {"type": "Feature", "properties": {"id": "ORD-1229", "value": 936}, "geometry": {"type": "Point", "coordinates": [73.06817, 33.72443]}}, {"type": "Feature", "properties": {"id": "ORD-1057", "value": 844}, "geometry": {"type": "Point", "coordinates": [73.05701, 33.71352]}}, {"type": "Feature", "properties": {"id": "ORD-1364", "value": 1269}, "geometry": {"type": "Point", "coordinates": [73.06266, 33.70873]}}, {"type": "Feature", "properties": {"id": "ORD-1336", "value": 362}, "geometry": {"type": "Point", "coordinates": [73.06749, 33.71886]}}, {"type": "Feature", "properties": {"id": "ORD-2050", "value": 3066}, "geometry": {"type": "Point", "coordinates": [73.16199, 33.64732]}}, {"type": "Feature", "properties": {"id": "ORD-1100", "value": 896}, "geometry": {"type": "Point", "coordinates": [73.04972, 33.72813]}}, {"type": "Feature", "properties": {"id": "ORD-1518", "value": 946}, "geometry": {"type": "Point", "coordinates": [73.03441, 33.68358]}}, {"type": "Feature", "properties": {"id": "ORD-1588", "value": 488}, "geometry": {"type": "Point", "coordinates": [73.08189, 33.66728]}}, {"type": "Feature", "properties": {"id": "ORD-1361", "value": 671}, "geometry": {"type": "Point", "coordinates": [73.06009, 33.71246]}}, {"type": "Feature", "properties": {"id": "ORD-1997", "value": 2398}, "geometry": {"type": "Point", "coordinates": [73.16955, 33.64274]}}, {"type": "Feature", "properties": {"id": "ORD-1374", "value": 426}, "geometry": {"type": "Point", "coordinates": [73.05855, 33.70601]}}, {"type": "Feature", "properties": {"id": "ORD-1190", "value": 909}, "geometry": {"type": "Point", "coordinates": [73.07831, 33.72936]}}, {"type": "Feature", "properties": {"id": "ORD-1872", "value": 1427}, "geometry": {"type": "Point", "coordinates": [72.9632, 33.70514]}}, {"type": "Feature", "properties": {"id": "ORD-1025", "value": 852}, "geometry": {"type": "Point", "coordinates": [73.05329, 33.72838]}}, {"type": "Feature", "properties": {"id": "ORD-1977", "value": 1434}, "geometry": {"type": "Point", "coordinates": [73.14626, 33.64619]}}, {"type": "Feature", "properties": {"id": "ORD-1175", "value": 1845}, "geometry": {"type": "Point", "coordinates": [73.06366, 33.72887]}}, {"type": "Feature", "properties": {"id": "ORD-1559", "value": 1710}, "geometry": {"type": "Point", "coordinates": [73.03012, 33.68127]}}, {"type": "Feature", "properties": {"id": "ORD-1866", "value": 1593}, "geometry": {"type": "Point", "coordinates": [72.97361, 33.70241]}}, {"type": "Feature", "properties": {"id": "ORD-1670", "value": 1388}, "geometry": {"type": "Point", "coordinates": [73.00005, 33.66801]}}, {"type": "Feature", "properties": {"id": "ORD-1169", "value": 762}, "geometry": {"type": "Point", "coordinates": [73.06543, 33.72414]}}, {"type": "Feature", "properties": {"id": "ORD-1856", "value": 1018}, "geometry": {"type": "Point", "coordinates": [72.96906, 33.7099]}}, {"type": "Feature", "properties": {"id": "ORD-1264", "value": 1159}, "geometry": {"type": "Point", "coordinates": [73.07576, 33.73429]}}, {"type": "Feature", "properties": {"id": "ORD-1495", "value": 655}, "geometry": {"type": "Point", "coordinates": [72.99958, 33.69223]}}, {"type": "Feature", "properties": {"id": "ORD-1534", "value": 427}, "geometry": {"type": "Point", "coordinates": [73.02466, 33.68373]}}, {"type": "Feature", "properties": {"id": "ORD-1748", "value": 886}, "geometry": {"type": "Point", "coordinates": [72.98331, 33.71213]}}, {"type": "Feature", "properties": {"id": "ORD-1047", "value": 1764}, "geometry": {"type": "Point", "coordinates": [73.06084, 33.71438]}}, {"type": "Feature", "properties": {"id": "ORD-1614", "value": 2154}, "geometry": {"type": "Point", "coordinates": [73.05913, 33.66842]}}, {"type": "Feature", "properties": {"id": "ORD-1585", "value": 1825}, "geometry": {"type": "Point", "coordinates": [73.08925, 33.67936]}}, {"type": "Feature", "properties": {"id": "ORD-1753", "value": 375}, "geometry": {"type": "Point", "coordinates": [72.97249, 33.71305]}}, {"type": "Feature", "properties": {"id": "ORD-1409", "value": 812}, "geometry": {"type": "Point", "coordinates": [72.98272, 33.69321]}}, {"type": "Feature", "properties": {"id": "ORD-1171", "value": 1354}, "geometry": {"type": "Point", "coordinates": [73.06209, 33.72216]}}, {"type": "Feature", "properties": {"id": "ORD-2042", "value": 3733}, "geometry": {"type": "Point", "coordinates": [73.17312, 33.66374]}}, {"type": "Feature", "properties": {"id": "ORD-1005", "value": 393}, "geometry": {"type": "Point", "coordinates": [73.05067, 33.72178]}}, {"type": "Feature", "properties": {"id": "ORD-1689", "value": 1537}, "geometry": {"type": "Point", "coordinates": [73.00198, 33.6684]}}, {"type": "Feature", "properties": {"id": "ORD-1600", "value": 657}, "geometry": {"type": "Point", "coordinates": [73.07645, 33.65168]}}, {"type": "Feature", "properties": {"id": "ORD-1549", "value": 1470}, "geometry": {"type": "Point", "coordinates": [73.02436, 33.6944]}}, {"type": "Feature", "properties": {"id": "ORD-1231", "value": 477}, "geometry": {"type": "Point", "coordinates": [73.07145, 33.73082]}}, {"type": "Feature", "properties": {"id": "ORD-1420", "value": 499}, "geometry": {"type": "Point", "coordinates": [73.00238, 33.68906]}}, {"type": "Feature", "properties": {"id": "ORD-1267", "value": 1476}, "geometry": {"type": "Point", "coordinates": [73.06672, 33.73592]}}, {"type": "Feature", "properties": {"id": "ORD-1329", "value": 761}, "geometry": {"type": "Point", "coordinates": [73.06119, 33.70823]}}, {"type": "Feature", "properties": {"id": "ORD-1445", "value": 454}, "geometry": {"type": "Point", "coordinates": [72.98562, 33.69778]}}, {"type": "Feature", "properties": {"id": "ORD-1746", "value": 436}, "geometry": {"type": "Point", "coordinates": [72.96122, 33.69983]}}, {"type": "Feature", "properties": {"id": "ORD-1240", "value": 2759}, "geometry": {"type": "Point", "coordinates": [73.07974, 33.73318]}}, {"type": "Feature", "properties": {"id": "ORD-1085", "value": 848}, "geometry": {"type": "Point", "coordinates": [73.05463, 33.72144]}}, {"type": "Feature", "properties": {"id": "ORD-1989", "value": 3456}, "geometry": {"type": "Point", "coordinates": [73.17252, 33.65147]}}, {"type": "Feature", "properties": {"id": "ORD-1955", "value": 1146}, "geometry": {"type": "Point", "coordinates": [73.14846, 33.64948]}}, {"type": "Feature", "properties": {"id": "ORD-1618", "value": 511}, "geometry": {"type": "Point", "coordinates": [73.06396, 33.66328]}}, {"type": "Feature", "properties": {"id": "ORD-1698", "value": 809}, "geometry": {"type": "Point", "coordinates": [73.00726, 33.67005]}}, {"type": "Feature", "properties": {"id": "ORD-1532", "value": 1430}, "geometry": {"type": "Point", "coordinates": [73.03078, 33.68689]}}, {"type": "Feature", "properties": {"id": "ORD-1917", "value": 341}, "geometry": {"type": "Point", "coordinates": [72.96724, 33.71004]}}, {"type": "Feature", "properties": {"id": "ORD-1785", "value": 914}, "geometry": {"type": "Point", "coordinates": [72.97775, 33.70521]}}, {"type": "Feature", "properties": {"id": "ORD-1437", "value": 894}, "geometry": {"type": "Point", "coordinates": [72.98796, 33.69114]}}, {"type": "Feature", "properties": {"id": "ORD-1319", "value": 347}, "geometry": {"type": "Point", "coordinates": [73.06145, 33.7151]}}, {"type": "Feature", "properties": {"id": "ORD-1011", "value": 1180}, "geometry": {"type": "Point", "coordinates": [73.0638, 33.72577]}}, {"type": "Feature", "properties": {"id": "ORD-1844", "value": 976}, "geometry": {"type": "Point", "coordinates": [72.96486, 33.71029]}}, {"type": "Feature", "properties": {"id": "ORD-1224", "value": 2381}, "geometry": {"type": "Point", "coordinates": [73.06455, 33.7207]}}, {"type": "Feature", "properties": {"id": "ORD-1778", "value": 415}, "geometry": {"type": "Point", "coordinates": [72.9615, 33.70491]}}, {"type": "Feature", "properties": {"id": "ORD-1029", "value": 842}, "geometry": {"type": "Point", "coordinates": [73.05663, 33.72503]}}, {"type": "Feature", "properties": {"id": "ORD-1213", "value": 1253}, "geometry": {"type": "Point", "coordinates": [73.07474, 33.72002]}}, {"type": "Feature", "properties": {"id": "ORD-1793", "value": 435}, "geometry": {"type": "Point", "coordinates": [72.97854, 33.70741]}}, {"type": "Feature", "properties": {"id": "ORD-1097", "value": 1790}, "geometry": {"type": "Point", "coordinates": [73.05531, 33.71092]}}, {"type": "Feature", "properties": {"id": "ORD-1037", "value": 1122}, "geometry": {"type": "Point", "coordinates": [73.05791, 33.7183]}}, {"type": "Feature", "properties": {"id": "ORD-1252", "value": 703}, "geometry": {"type": "Point", "coordinates": [73.07712, 33.72259]}}, {"type": "Feature", "properties": {"id": "ORD-1905", "value": 1054}, "geometry": {"type": "Point", "coordinates": [72.97757, 33.70471]}}, {"type": "Feature", "properties": {"id": "ORD-1363", "value": 532}, "geometry": {"type": "Point", "coordinates": [73.04152, 33.70279]}}, {"type": "Feature", "properties": {"id": "ORD-1576", "value": 661}, "geometry": {"type": "Point", "coordinates": [73.02267, 33.68823]}}, {"type": "Feature", "properties": {"id": "ORD-1724", "value": 268}, "geometry": {"type": "Point", "coordinates": [72.96547, 33.69847]}}, {"type": "Feature", "properties": {"id": "ORD-1752", "value": 954}, "geometry": {"type": "Point", "coordinates": [72.97245, 33.70798]}}, {"type": "Feature", "properties": {"id": "ORD-1615", "value": 750}, "geometry": {"type": "Point", "coordinates": [73.06952, 33.64969]}}, {"type": "Feature", "properties": {"id": "ORD-1237", "value": 567}, "geometry": {"type": "Point", "coordinates": [73.0538, 33.73036]}}, {"type": "Feature", "properties": {"id": "ORD-1300", "value": 706}, "geometry": {"type": "Point", "coordinates": [73.05242, 33.71353]}}, {"type": "Feature", "properties": {"id": "ORD-1464", "value": 548}, "geometry": {"type": "Point", "coordinates": [72.99536, 33.69587]}}, {"type": "Feature", "properties": {"id": "ORD-1002", "value": 1748}, "geometry": {"type": "Point", "coordinates": [73.05613, 33.71645]}}, {"type": "Feature", "properties": {"id": "ORD-1360", "value": 1448}, "geometry": {"type": "Point", "coordinates": [73.06051, 33.71328]}}, {"type": "Feature", "properties": {"id": "ORD-1789", "value": 417}, "geometry": {"type": "Point", "coordinates": [72.96688, 33.7079]}}, {"type": "Feature", "properties": {"id": "ORD-1296", "value": 1353}, "geometry": {"type": "Point", "coordinates": [73.06739, 33.71771]}}, {"type": "Feature", "properties": {"id": "ORD-1373", "value": 1319}, "geometry": {"type": "Point", "coordinates": [73.04358, 33.70359]}}, {"type": "Feature", "properties": {"id": "ORD-2010", "value": 1541}, "geometry": {"type": "Point", "coordinates": [73.1694, 33.6451]}}, {"type": "Feature", "properties": {"id": "ORD-1404", "value": 405}, "geometry": {"type": "Point", "coordinates": [72.98861, 33.69444]}}, {"type": "Feature", "properties": {"id": "ORD-1282", "value": 620}, "geometry": {"type": "Point", "coordinates": [73.054, 33.71324]}}, {"type": "Feature", "properties": {"id": "ORD-1107", "value": 434}, "geometry": {"type": "Point", "coordinates": [73.04432, 33.72218]}}, {"type": "Feature", "properties": {"id": "ORD-1976", "value": 3717}, "geometry": {"type": "Point", "coordinates": [73.1472, 33.64003]}}, {"type": "Feature", "properties": {"id": "ORD-1728", "value": 480}, "geometry": {"type": "Point", "coordinates": [72.9753, 33.71021]}}, {"type": "Feature", "properties": {"id": "ORD-1026", "value": 516}, "geometry": {"type": "Point", "coordinates": [73.05511, 33.71171]}}, {"type": "Feature", "properties": {"id": "ORD-1423", "value": 1414}, "geometry": {"type": "Point", "coordinates": [72.99344, 33.69395]}}, {"type": "Feature", "properties": {"id": "ORD-1203", "value": 700}, "geometry": {"type": "Point", "coordinates": [73.07218, 33.726]}}, {"type": "Feature", "properties": {"id": "ORD-1414", "value": 1246}, "geometry": {"type": "Point", "coordinates": [73.00156, 33.6884]}}, {"type": "Feature", "properties": {"id": "ORD-1540", "value": 2416}, "geometry": {"type": "Point", "coordinates": [73.03699, 33.68821]}}, {"type": "Feature", "properties": {"id": "ORD-1067", "value": 1318}, "geometry": {"type": "Point", "coordinates": [73.05781, 33.72374]}}, {"type": "Feature", "properties": {"id": "ORD-1610", "value": 697}, "geometry": {"type": "Point", "coordinates": [73.06871, 33.66331]}}, {"type": "Feature", "properties": {"id": "ORD-1164", "value": 1814}, "geometry": {"type": "Point", "coordinates": [73.08686, 33.73175]}}, {"type": "Feature", "properties": {"id": "ORD-1944", "value": 3259}, "geometry": {"type": "Point", "coordinates": [73.14619, 33.65601]}}, {"type": "Feature", "properties": {"id": "ORD-1697", "value": 660}, "geometry": {"type": "Point", "coordinates": [72.98829, 33.67579]}}, {"type": "Feature", "properties": {"id": "ORD-1281", "value": 1922}, "geometry": {"type": "Point", "coordinates": [73.04649, 33.71272]}}, {"type": "Feature", "properties": {"id": "ORD-1525", "value": 440}, "geometry": {"type": "Point", "coordinates": [73.03218, 33.68996]}}, {"type": "Feature", "properties": {"id": "ORD-1663", "value": 645}, "geometry": {"type": "Point", "coordinates": [73.00537, 33.66613]}}, {"type": "Feature", "properties": {"id": "ORD-1313", "value": 360}, "geometry": {"type": "Point", "coordinates": [73.06154, 33.71678]}}, {"type": "Feature", "properties": {"id": "ORD-1441", "value": 586}, "geometry": {"type": "Point", "coordinates": [72.98653, 33.69102]}}, {"type": "Feature", "properties": {"id": "ORD-1581", "value": 490}, "geometry": {"type": "Point", "coordinates": [73.07492, 33.66136]}}, {"type": "Feature", "properties": {"id": "ORD-1287", "value": 543}, "geometry": {"type": "Point", "coordinates": [73.05282, 33.71215]}}, {"type": "Feature", "properties": {"id": "ORD-1188", "value": 666}, "geometry": {"type": "Point", "coordinates": [73.07673, 33.7276]}}, {"type": "Feature", "properties": {"id": "ORD-1590", "value": 781}, "geometry": {"type": "Point", "coordinates": [73.0688, 33.67425]}}, {"type": "Feature", "properties": {"id": "ORD-1999", "value": 1014}, "geometry": {"type": "Point", "coordinates": [73.16325, 33.63873]}}, {"type": "Feature", "properties": {"id": "ORD-1713", "value": 718}, "geometry": {"type": "Point", "coordinates": [72.97281, 33.70786]}}, {"type": "Feature", "properties": {"id": "ORD-1121", "value": 812}, "geometry": {"type": "Point", "coordinates": [73.06662, 33.72199]}}, {"type": "Feature", "properties": {"id": "ORD-1796", "value": 429}, "geometry": {"type": "Point", "coordinates": [72.97284, 33.70462]}}, {"type": "Feature", "properties": {"id": "ORD-1343", "value": 1356}, "geometry": {"type": "Point", "coordinates": [73.06259, 33.71276]}}, {"type": "Feature", "properties": {"id": "ORD-1016", "value": 377}, "geometry": {"type": "Point", "coordinates": [73.06273, 33.71774]}}, {"type": "Feature", "properties": {"id": "ORD-2026", "value": 2251}, "geometry": {"type": "Point", "coordinates": [73.15029, 33.65083]}}, {"type": "Feature", "properties": {"id": "ORD-1583", "value": 1717}, "geometry": {"type": "Point", "coordinates": [73.0596, 33.66251]}}, {"type": "Feature", "properties": {"id": "ORD-1122", "value": 861}, "geometry": {"type": "Point", "coordinates": [73.0581, 33.73377]}}, {"type": "Feature", "properties": {"id": "ORD-1116", "value": 800}, "geometry": {"type": "Point", "coordinates": [73.05187, 33.72317]}}, {"type": "Feature", "properties": {"id": "ORD-1431", "value": 1216}, "geometry": {"type": "Point", "coordinates": [72.98798, 33.69941]}}, {"type": "Feature", "properties": {"id": "ORD-1965", "value": 791}, "geometry": {"type": "Point", "coordinates": [73.15665, 33.66206]}}, {"type": "Feature", "properties": {"id": "ORD-1995", "value": 4737}, "geometry": {"type": "Point", "coordinates": [73.14851, 33.65691]}}, {"type": "Feature", "properties": {"id": "ORD-1914", "value": 712}, "geometry": {"type": "Point", "coordinates": [72.96398, 33.7198]}}, {"type": "Feature", "properties": {"id": "ORD-1702", "value": 1495}, "geometry": {"type": "Point", "coordinates": [72.9966, 33.66706]}}, {"type": "Feature", "properties": {"id": "ORD-1344", "value": 372}, "geometry": {"type": "Point", "coordinates": [73.04545, 33.70462]}}, {"type": "Feature", "properties": {"id": "ORD-1406", "value": 2145}, "geometry": {"type": "Point", "coordinates": [73.00018, 33.70282]}}, {"type": "Feature", "properties": {"id": "ORD-1629", "value": 1242}, "geometry": {"type": "Point", "coordinates": [73.07516, 33.67017]}}, {"type": "Feature", "properties": {"id": "ORD-1545", "value": 1113}, "geometry": {"type": "Point", "coordinates": [73.02968, 33.69289]}}, {"type": "Feature", "properties": {"id": "ORD-1471", "value": 412}, "geometry": {"type": "Point", "coordinates": [72.98382, 33.69645]}}, {"type": "Feature", "properties": {"id": "ORD-1992", "value": 1304}, "geometry": {"type": "Point", "coordinates": [73.15935, 33.66966]}}, {"type": "Feature", "properties": {"id": "ORD-1006", "value": 1604}, "geometry": {"type": "Point", "coordinates": [73.06424, 33.70245]}}, {"type": "Feature", "properties": {"id": "ORD-1254", "value": 442}, "geometry": {"type": "Point", "coordinates": [73.07439, 33.73495]}}, {"type": "Feature", "properties": {"id": "ORD-1679", "value": 1630}, "geometry": {"type": "Point", "coordinates": [73.00313, 33.67236]}}, {"type": "Feature", "properties": {"id": "ORD-1348", "value": 1181}, "geometry": {"type": "Point", "coordinates": [73.0553, 33.71079]}}, {"type": "Feature", "properties": {"id": "ORD-1704", "value": 703}, "geometry": {"type": "Point", "coordinates": [72.98926, 33.67403]}}, {"type": "Feature", "properties": {"id": "ORD-1788", "value": 488}, "geometry": {"type": "Point", "coordinates": [72.96786, 33.70562]}}, {"type": "Feature", "properties": {"id": "ORD-1328", "value": 328}, "geometry": {"type": "Point", "coordinates": [73.04821, 33.70896]}}, {"type": "Feature", "properties": {"id": "ORD-1001", "value": 1914}, "geometry": {"type": "Point", "coordinates": [73.06459, 33.72528]}}, {"type": "Feature", "properties": {"id": "ORD-2004", "value": 779}, "geometry": {"type": "Point", "coordinates": [73.16787, 33.66391]}}, {"type": "Feature", "properties": {"id": "ORD-1998", "value": 1178}, "geometry": {"type": "Point", "coordinates": [73.16522, 33.66611]}}, {"type": "Feature", "properties": {"id": "ORD-1896", "value": 552}, "geometry": {"type": "Point", "coordinates": [72.97742, 33.70412]}}, {"type": "Feature", "properties": {"id": "ORD-1417", "value": 362}, "geometry": {"type": "Point", "coordinates": [72.99581, 33.68438]}}, {"type": "Feature", "properties": {"id": "ORD-1959", "value": 1808}, "geometry": {"type": "Point", "coordinates": [73.14398, 33.64912]}}, {"type": "Feature", "properties": {"id": "ORD-1900", "value": 852}, "geometry": {"type": "Point", "coordinates": [72.97922, 33.69917]}}, {"type": "Feature", "properties": {"id": "ORD-1926", "value": 3824}, "geometry": {"type": "Point", "coordinates": [73.1525, 33.63457]}}, {"type": "Feature", "properties": {"id": "ORD-1640", "value": 1461}, "geometry": {"type": "Point", "coordinates": [73.06844, 33.66829]}}, {"type": "Feature", "properties": {"id": "ORD-1951", "value": 774}, "geometry": {"type": "Point", "coordinates": [73.15884, 33.64236]}}, {"type": "Feature", "properties": {"id": "ORD-1496", "value": 1952}, "geometry": {"type": "Point", "coordinates": [73.03243, 33.69494]}}, {"type": "Feature", "properties": {"id": "ORD-1197", "value": 1140}, "geometry": {"type": "Point", "coordinates": [73.0781, 33.72439]}}, {"type": "Feature", "properties": {"id": "ORD-1021", "value": 601}, "geometry": {"type": "Point", "coordinates": [73.06314, 33.71598]}}, {"type": "Feature", "properties": {"id": "ORD-1807", "value": 1602}, "geometry": {"type": "Point", "coordinates": [72.97193, 33.70128]}}, {"type": "Feature", "properties": {"id": "ORD-1128", "value": 652}, "geometry": {"type": "Point", "coordinates": [73.03936, 33.72075]}}, {"type": "Feature", "properties": {"id": "ORD-1480", "value": 1989}, "geometry": {"type": "Point", "coordinates": [72.99333, 33.69876]}}, {"type": "Feature", "properties": {"id": "ORD-1246", "value": 709}, "geometry": {"type": "Point", "coordinates": [73.07943, 33.73096]}}, {"type": "Feature", "properties": {"id": "ORD-1459", "value": 404}, "geometry": {"type": "Point", "coordinates": [72.99302, 33.68846]}}, {"type": "Feature", "properties": {"id": "ORD-1109", "value": 752}, "geometry": {"type": "Point", "coordinates": [73.04571, 33.70334]}}, {"type": "Feature", "properties": {"id": "ORD-2041", "value": 1026}, "geometry": {"type": "Point", "coordinates": [73.1567, 33.64516]}}, {"type": "Feature", "properties": {"id": "ORD-1824", "value": 692}, "geometry": {"type": "Point", "coordinates": [72.97133, 33.7021]}}, {"type": "Feature", "properties": {"id": "ORD-1769", "value": 633}, "geometry": {"type": "Point", "coordinates": [72.95744, 33.70625]}}, {"type": "Feature", "properties": {"id": "ORD-1192", "value": 714}, "geometry": {"type": "Point", "coordinates": [73.06891, 33.71977]}}, {"type": "Feature", "properties": {"id": "ORD-1048", "value": 392}, "geometry": {"type": "Point", "coordinates": [73.06616, 33.72043]}}, {"type": "Feature", "properties": {"id": "ORD-1885", "value": 819}, "geometry": {"type": "Point", "coordinates": [72.96166, 33.70826]}}, {"type": "Feature", "properties": {"id": "ORD-1607", "value": 1647}, "geometry": {"type": "Point", "coordinates": [73.06824, 33.6663]}}, {"type": "Feature", "properties": {"id": "ORD-1396", "value": 1008}, "geometry": {"type": "Point", "coordinates": [73.05901, 33.71582]}}, {"type": "Feature", "properties": {"id": "ORD-1524", "value": 910}, "geometry": {"type": "Point", "coordinates": [73.01341, 33.6894]}}, {"type": "Feature", "properties": {"id": "ORD-1804", "value": 428}, "geometry": {"type": "Point", "coordinates": [72.96919, 33.71242]}}, {"type": "Feature", "properties": {"id": "ORD-1477", "value": 816}, "geometry": {"type": "Point", "coordinates": [72.98091, 33.68451]}}, {"type": "Feature", "properties": {"id": "ORD-1743", "value": 495}, "geometry": {"type": "Point", "coordinates": [72.966, 33.70389]}}, {"type": "Feature", "properties": {"id": "ORD-1715", "value": 430}, "geometry": {"type": "Point", "coordinates": [72.97852, 33.71118]}}, {"type": "Feature", "properties": {"id": "ORD-1656", "value": 687}, "geometry": {"type": "Point", "coordinates": [73.01268, 33.67779]}}, {"type": "Feature", "properties": {"id": "ORD-1424", "value": 1254}, "geometry": {"type": "Point", "coordinates": [72.99232, 33.69491]}}, {"type": "Feature", "properties": {"id": "ORD-1938", "value": 1591}, "geometry": {"type": "Point", "coordinates": [73.14895, 33.66042]}}, {"type": "Feature", "properties": {"id": "ORD-1671", "value": 724}, "geometry": {"type": "Point", "coordinates": [72.9861, 33.67038]}}, {"type": "Feature", "properties": {"id": "ORD-1920", "value": 279}, "geometry": {"type": "Point", "coordinates": [72.97329, 33.70329]}}, {"type": "Feature", "properties": {"id": "ORD-1708", "value": 670}, "geometry": {"type": "Point", "coordinates": [73.00494, 33.66744]}}, {"type": "Feature", "properties": {"id": "ORD-1526", "value": 552}, "geometry": {"type": "Point", "coordinates": [73.01577, 33.68855]}}, {"type": "Feature", "properties": {"id": "ORD-1750", "value": 833}, "geometry": {"type": "Point", "coordinates": [72.96725, 33.69687]}}, {"type": "Feature", "properties": {"id": "ORD-1125", "value": 954}, "geometry": {"type": "Point", "coordinates": [73.05921, 33.71738]}}, {"type": "Feature", "properties": {"id": "ORD-1222", "value": 915}, "geometry": {"type": "Point", "coordinates": [73.07263, 33.73026]}}, {"type": "Feature", "properties": {"id": "ORD-1215", "value": 1883}, "geometry": {"type": "Point", "coordinates": [73.08121, 33.72334]}}, {"type": "Feature", "properties": {"id": "ORD-1675", "value": 798}, "geometry": {"type": "Point", "coordinates": [73.00781, 33.66291]}}, {"type": "Feature", "properties": {"id": "ORD-1221", "value": 585}, "geometry": {"type": "Point", "coordinates": [73.06554, 33.73105]}}, {"type": "Feature", "properties": {"id": "ORD-1906", "value": 231}, "geometry": {"type": "Point", "coordinates": [72.9805, 33.70663]}}, {"type": "Feature", "properties": {"id": "ORD-1032", "value": 2520}, "geometry": {"type": "Point", "coordinates": [73.05335, 33.72768]}}, {"type": "Feature", "properties": {"id": "ORD-1349", "value": 584}, "geometry": {"type": "Point", "coordinates": [73.05069, 33.72068]}}, {"type": "Feature", "properties": {"id": "ORD-1497", "value": 433}, "geometry": {"type": "Point", "coordinates": [73.02981, 33.68969]}}, {"type": "Feature", "properties": {"id": "ORD-1322", "value": 641}, "geometry": {"type": "Point", "coordinates": [73.05713, 33.71297]}}, {"type": "Feature", "properties": {"id": "ORD-1334", "value": 2055}, "geometry": {"type": "Point", "coordinates": [73.05209, 33.71009]}}, {"type": "Feature", "properties": {"id": "ORD-1661", "value": 1563}, "geometry": {"type": "Point", "coordinates": [73.00301, 33.67107]}}, {"type": "Feature", "properties": {"id": "ORD-1140", "value": 1314}, "geometry": {"type": "Point", "coordinates": [73.0408, 33.7226]}}, {"type": "Feature", "properties": {"id": "ORD-1700", "value": 1185}, "geometry": {"type": "Point", "coordinates": [72.98821, 33.67002]}}, {"type": "Feature", "properties": {"id": "ORD-1948", "value": 1119}, "geometry": {"type": "Point", "coordinates": [73.13887, 33.64575]}}, {"type": "Feature", "properties": {"id": "ORD-1353", "value": 745}, "geometry": {"type": "Point", "coordinates": [73.06211, 33.69585]}}, {"type": "Feature", "properties": {"id": "ORD-1139", "value": 1152}, "geometry": {"type": "Point", "coordinates": [73.05673, 33.72915]}}, {"type": "Feature", "properties": {"id": "ORD-1887", "value": 214}, "geometry": {"type": "Point", "coordinates": [72.96849, 33.72144]}}, {"type": "Feature", "properties": {"id": "ORD-1563", "value": 1360}, "geometry": {"type": "Point", "coordinates": [73.03045, 33.69091]}}, {"type": "Feature", "properties": {"id": "ORD-1973", "value": 821}, "geometry": {"type": "Point", "coordinates": [73.13698, 33.6557]}}, {"type": "Feature", "properties": {"id": "ORD-1641", "value": 1582}, "geometry": {"type": "Point", "coordinates": [73.07186, 33.66786]}}, {"type": "Feature", "properties": {"id": "ORD-1455", "value": 1302}, "geometry": {"type": "Point", "coordinates": [72.98623, 33.69109]}}, {"type": "Feature", "properties": {"id": "ORD-1217", "value": 1089}, "geometry": {"type": "Point", "coordinates": [73.05612, 33.71881]}}, {"type": "Feature", "properties": {"id": "ORD-1400", "value": 1315}, "geometry": {"type": "Point", "coordinates": [73.06015, 33.70746]}}, {"type": "Feature", "properties": {"id": "ORD-1335", "value": 872}, "geometry": {"type": "Point", "coordinates": [73.05485, 33.70653]}}, {"type": "Feature", "properties": {"id": "ORD-2022", "value": 1680}, "geometry": {"type": "Point", "coordinates": [73.15004, 33.66147]}}, {"type": "Feature", "properties": {"id": "ORD-1765", "value": 1069}, "geometry": {"type": "Point", "coordinates": [72.96762, 33.70757]}}, {"type": "Feature", "properties": {"id": "ORD-1514", "value": 597}, "geometry": {"type": "Point", "coordinates": [73.03959, 33.69099]}}, {"type": "Feature", "properties": {"id": "ORD-2012", "value": 2956}, "geometry": {"type": "Point", "coordinates": [73.16494, 33.64605]}}, {"type": "Feature", "properties": {"id": "ORD-1114", "value": 1474}, "geometry": {"type": "Point", "coordinates": [73.05122, 33.71792]}}, {"type": "Feature", "properties": {"id": "ORD-1211", "value": 1831}, "geometry": {"type": "Point", "coordinates": [73.072, 33.7237]}}, {"type": "Feature", "properties": {"id": "ORD-1115", "value": 900}, "geometry": {"type": "Point", "coordinates": [73.06324, 33.72178]}}, {"type": "Feature", "properties": {"id": "ORD-1612", "value": 1256}, "geometry": {"type": "Point", "coordinates": [73.08611, 33.65604]}}, {"type": "Feature", "properties": {"id": "ORD-1582", "value": 730}, "geometry": {"type": "Point", "coordinates": [73.0744, 33.66518]}}, {"type": "Feature", "properties": {"id": "ORD-2048", "value": 2347}, "geometry": {"type": "Point", "coordinates": [73.15696, 33.65896]}}, {"type": "Feature", "properties": {"id": "ORD-1884", "value": 290}, "geometry": {"type": "Point", "coordinates": [72.98225, 33.70547]}}, {"type": "Feature", "properties": {"id": "ORD-1294", "value": 697}, "geometry": {"type": "Point", "coordinates": [73.05329, 33.71033]}}, {"type": "Feature", "properties": {"id": "ORD-1193", "value": 471}, "geometry": {"type": "Point", "coordinates": [73.0699, 33.72397]}}, {"type": "Feature", "properties": {"id": "ORD-1816", "value": 529}, "geometry": {"type": "Point", "coordinates": [72.96532, 33.70699]}}, {"type": "Feature", "properties": {"id": "ORD-1654", "value": 608}, "geometry": {"type": "Point", "coordinates": [72.99157, 33.67146]}}, {"type": "Feature", "properties": {"id": "ORD-1433", "value": 519}, "geometry": {"type": "Point", "coordinates": [72.98432, 33.70343]}}, {"type": "Feature", "properties": {"id": "ORD-1623", "value": 531}, "geometry": {"type": "Point", "coordinates": [73.07978, 33.67125]}}, {"type": "Feature", "properties": {"id": "ORD-1315", "value": 870}, "geometry": {"type": "Point", "coordinates": [73.05855, 33.71662]}}, {"type": "Feature", "properties": {"id": "ORD-1411", "value": 455}, "geometry": {"type": "Point", "coordinates": [72.99156, 33.69533]}}, {"type": "Feature", "properties": {"id": "ORD-1465", "value": 695}, "geometry": {"type": "Point", "coordinates": [72.98579, 33.68777]}}, {"type": "Feature", "properties": {"id": "ORD-1472", "value": 766}, "geometry": {"type": "Point", "coordinates": [72.98995, 33.70878]}}, {"type": "Feature", "properties": {"id": "ORD-1177", "value": 2759}, "geometry": {"type": "Point", "coordinates": [73.0717, 33.73359]}}, {"type": "Feature", "properties": {"id": "ORD-1686", "value": 760}, "geometry": {"type": "Point", "coordinates": [72.98957, 33.65865]}}, {"type": "Feature", "properties": {"id": "ORD-1375", "value": 941}, "geometry": {"type": "Point", "coordinates": [73.04942, 33.71528]}}, {"type": "Feature", "properties": {"id": "ORD-1509", "value": 1292}, "geometry": {"type": "Point", "coordinates": [73.0276, 33.69232]}}, {"type": "Feature", "properties": {"id": "ORD-1528", "value": 708}, "geometry": {"type": "Point", "coordinates": [73.02494, 33.696]}}, {"type": "Feature", "properties": {"id": "ORD-1643", "value": 735}, "geometry": {"type": "Point", "coordinates": [73.08399, 33.68015]}}, {"type": "Feature", "properties": {"id": "ORD-1379", "value": 579}, "geometry": {"type": "Point", "coordinates": [73.06371, 33.70112]}}, {"type": "Feature", "properties": {"id": "ORD-1865", "value": 386}, "geometry": {"type": "Point", "coordinates": [72.97759, 33.70564]}}, {"type": "Feature", "properties": {"id": "ORD-1681", "value": 1159}, "geometry": {"type": "Point", "coordinates": [72.99813, 33.65888]}}, {"type": "Feature", "properties": {"id": "ORD-1850", "value": 506}, "geometry": {"type": "Point", "coordinates": [72.98428, 33.71262]}}, {"type": "Feature", "properties": {"id": "ORD-1858", "value": 512}, "geometry": {"type": "Point", "coordinates": [72.95874, 33.70058]}}, {"type": "Feature", "properties": {"id": "ORD-1869", "value": 487}, "geometry": {"type": "Point", "coordinates": [72.96348, 33.70947]}}, {"type": "Feature", "properties": {"id": "ORD-1416", "value": 1044}, "geometry": {"type": "Point", "coordinates": [72.99288, 33.69959]}}, {"type": "Feature", "properties": {"id": "ORD-1735", "value": 1211}, "geometry": {"type": "Point", "coordinates": [72.96728, 33.71601]}}, {"type": "Feature", "properties": {"id": "ORD-1250", "value": 1650}, "geometry": {"type": "Point", "coordinates": [73.07819, 33.72686]}}, {"type": "Feature", "properties": {"id": "ORD-1245", "value": 1272}, "geometry": {"type": "Point", "coordinates": [73.05402, 33.72675]}}, {"type": "Feature", "properties": {"id": "ORD-1012", "value": 1266}, "geometry": {"type": "Point", "coordinates": [73.05757, 33.72415]}}, {"type": "Feature", "properties": {"id": "ORD-1881", "value": 361}, "geometry": {"type": "Point", "coordinates": [72.96576, 33.71999]}}, {"type": "Feature", "properties": {"id": "ORD-1490", "value": 833}, "geometry": {"type": "Point", "coordinates": [72.99662, 33.69415]}}, {"type": "Feature", "properties": {"id": "ORD-1854", "value": 442}, "geometry": {"type": "Point", "coordinates": [72.95793, 33.70758]}}, {"type": "Feature", "properties": {"id": "ORD-1616", "value": 799}, "geometry": {"type": "Point", "coordinates": [73.08013, 33.66043]}}, {"type": "Feature", "properties": {"id": "ORD-1723", "value": 1021}, "geometry": {"type": "Point", "coordinates": [72.97072, 33.70062]}}, {"type": "Feature", "properties": {"id": "ORD-1359", "value": 609}, "geometry": {"type": "Point", "coordinates": [73.05409, 33.70851]}}, {"type": "Feature", "properties": {"id": "ORD-2040", "value": 3460}, "geometry": {"type": "Point", "coordinates": [73.16002, 33.65698]}}, {"type": "Feature", "properties": {"id": "ORD-1725", "value": 526}, "geometry": {"type": "Point", "coordinates": [72.97143, 33.71163]}}, {"type": "Feature", "properties": {"id": "ORD-1842", "value": 334}, "geometry": {"type": "Point", "coordinates": [72.96816, 33.72478]}}, {"type": "Feature", "properties": {"id": "ORD-1932", "value": 1982}, "geometry": {"type": "Point", "coordinates": [73.16031, 33.64065]}}, {"type": "Feature", "properties": {"id": "ORD-1974", "value": 1495}, "geometry": {"type": "Point", "coordinates": [73.14945, 33.66153]}}, {"type": "Feature", "properties": {"id": "ORD-1503", "value": 456}, "geometry": {"type": "Point", "coordinates": [73.03631, 33.69253]}}, {"type": "Feature", "properties": {"id": "ORD-1227", "value": 793}, "geometry": {"type": "Point", "coordinates": [73.08252, 33.72953]}}, {"type": "Feature", "properties": {"id": "ORD-1625", "value": 1776}, "geometry": {"type": "Point", "coordinates": [73.08564, 33.67153]}}, {"type": "Feature", "properties": {"id": "ORD-1695", "value": 1464}, "geometry": {"type": "Point", "coordinates": [72.99429, 33.6662]}}, {"type": "Feature", "properties": {"id": "ORD-1330", "value": 592}, "geometry": {"type": "Point", "coordinates": [73.05073, 33.71331]}}, {"type": "Feature", "properties": {"id": "ORD-1913", "value": 435}, "geometry": {"type": "Point", "coordinates": [72.95424, 33.70655]}}, {"type": "Feature", "properties": {"id": "ORD-1934", "value": 1291}, "geometry": {"type": "Point", "coordinates": [73.15716, 33.64412]}}, {"type": "Feature", "properties": {"id": "ORD-1479", "value": 451}, "geometry": {"type": "Point", "coordinates": [73.00203, 33.69543]}}, {"type": "Feature", "properties": {"id": "ORD-1377", "value": 1114}, "geometry": {"type": "Point", "coordinates": [73.05516, 33.70666]}}, {"type": "Feature", "properties": {"id": "ORD-1201", "value": 2671}, "geometry": {"type": "Point", "coordinates": [73.07127, 33.72875]}}, {"type": "Feature", "properties": {"id": "ORD-1833", "value": 240}, "geometry": {"type": "Point", "coordinates": [72.97029, 33.70292]}}, {"type": "Feature", "properties": {"id": "ORD-1553", "value": 420}, "geometry": {"type": "Point", "coordinates": [73.03532, 33.68337]}}, {"type": "Feature", "properties": {"id": "ORD-1500", "value": 854}, "geometry": {"type": "Point", "coordinates": [73.0135, 33.7012]}}, {"type": "Feature", "properties": {"id": "ORD-2023", "value": 1654}, "geometry": {"type": "Point", "coordinates": [73.14293, 33.62977]}}, {"type": "Feature", "properties": {"id": "ORD-2020", "value": 1449}, "geometry": {"type": "Point", "coordinates": [73.17567, 33.65313]}}, {"type": "Feature", "properties": {"id": "ORD-1084", "value": 1656}, "geometry": {"type": "Point", "coordinates": [73.05202, 33.72392]}}, {"type": "Feature", "properties": {"id": "ORD-1674", "value": 1330}, "geometry": {"type": "Point", "coordinates": [73.00169, 33.67704]}}, {"type": "Feature", "properties": {"id": "ORD-1381", "value": 999}, "geometry": {"type": "Point", "coordinates": [73.0533, 33.70513]}}, {"type": "Feature", "properties": {"id": "ORD-1091", "value": 718}, "geometry": {"type": "Point", "coordinates": [73.05839, 33.72166]}}, {"type": "Feature", "properties": {"id": "ORD-1749", "value": 664}, "geometry": {"type": "Point", "coordinates": [72.95916, 33.70114]}}, {"type": "Feature", "properties": {"id": "ORD-1732", "value": 402}, "geometry": {"type": "Point", "coordinates": [72.96559, 33.69995]}}, {"type": "Feature", "properties": {"id": "ORD-1768", "value": 383}, "geometry": {"type": "Point", "coordinates": [72.96999, 33.70187]}}, {"type": "Feature", "properties": {"id": "ORD-1104", "value": 1545}, "geometry": {"type": "Point", "coordinates": [73.04827, 33.71273]}}, {"type": "Feature", "properties": {"id": "ORD-1150", "value": 2148}, "geometry": {"type": "Point", "coordinates": [73.0658, 33.70832]}}, {"type": "Feature", "properties": {"id": "ORD-1031", "value": 492}, "geometry": {"type": "Point", "coordinates": [73.04762, 33.72042]}}, {"type": "Feature", "properties": {"id": "ORD-1762", "value": 787}, "geometry": {"type": "Point", "coordinates": [72.96761, 33.70664]}}, {"type": "Feature", "properties": {"id": "ORD-1179", "value": 925}, "geometry": {"type": "Point", "coordinates": [73.06785, 33.72402]}}, {"type": "Feature", "properties": {"id": "ORD-1194", "value": 1276}, "geometry": {"type": "Point", "coordinates": [73.08274, 33.73108]}}, {"type": "Feature", "properties": {"id": "ORD-1338", "value": 614}, "geometry": {"type": "Point", "coordinates": [73.04896, 33.71752]}}, {"type": "Feature", "properties": {"id": "ORD-1564", "value": 591}, "geometry": {"type": "Point", "coordinates": [73.01782, 33.69304]}}, {"type": "Feature", "properties": {"id": "ORD-1791", "value": 684}, "geometry": {"type": "Point", "coordinates": [72.96978, 33.71061]}}, {"type": "Feature", "properties": {"id": "ORD-2015", "value": 2625}, "geometry": {"type": "Point", "coordinates": [73.16214, 33.66102]}}, {"type": "Feature", "properties": {"id": "ORD-1537", "value": 478}, "geometry": {"type": "Point", "coordinates": [73.02602, 33.68259]}}, {"type": "Feature", "properties": {"id": "ORD-1161", "value": 1203}, "geometry": {"type": "Point", "coordinates": [73.06376, 33.72354]}}, {"type": "Feature", "properties": {"id": "ORD-1391", "value": 1774}, "geometry": {"type": "Point", "coordinates": [73.04954, 33.71985]}}, {"type": "Feature", "properties": {"id": "ORD-1513", "value": 444}, "geometry": {"type": "Point", "coordinates": [73.02652, 33.69654]}}, {"type": "Feature", "properties": {"id": "ORD-1761", "value": 455}, "geometry": {"type": "Point", "coordinates": [72.96568, 33.71098]}}, {"type": "Feature", "properties": {"id": "ORD-1470", "value": 900}, "geometry": {"type": "Point", "coordinates": [72.98856, 33.68998]}}, {"type": "Feature", "properties": {"id": "ORD-1777", "value": 249}, "geometry": {"type": "Point", "coordinates": [72.97206, 33.70792]}}, {"type": "Feature", "properties": {"id": "ORD-1309", "value": 750}, "geometry": {"type": "Point", "coordinates": [73.06246, 33.70785]}}, {"type": "Feature", "properties": {"id": "ORD-1771", "value": 445}, "geometry": {"type": "Point", "coordinates": [72.97977, 33.70865]}}, {"type": "Feature", "properties": {"id": "ORD-1325", "value": 717}, "geometry": {"type": "Point", "coordinates": [73.05694, 33.71068]}}, {"type": "Feature", "properties": {"id": "ORD-1442", "value": 422}, "geometry": {"type": "Point", "coordinates": [72.99459, 33.68487]}}, {"type": "Feature", "properties": {"id": "ORD-1149", "value": 718}, "geometry": {"type": "Point", "coordinates": [73.04959, 33.71079]}}, {"type": "Feature", "properties": {"id": "ORD-1516", "value": 589}, "geometry": {"type": "Point", "coordinates": [73.03823, 33.68876]}}, {"type": "Feature", "properties": {"id": "ORD-1848", "value": 497}, "geometry": {"type": "Point", "coordinates": [72.97536, 33.70767]}}, {"type": "Feature", "properties": {"id": "ORD-2046", "value": 1056}, "geometry": {"type": "Point", "coordinates": [73.14465, 33.65625]}}, {"type": "Feature", "properties": {"id": "ORD-2039", "value": 1780}, "geometry": {"type": "Point", "coordinates": [73.16305, 33.64155]}}, {"type": "Feature", "properties": {"id": "ORD-1468", "value": 1680}, "geometry": {"type": "Point", "coordinates": [72.98884, 33.70058]}}, {"type": "Feature", "properties": {"id": "ORD-1624", "value": 1922}, "geometry": {"type": "Point", "coordinates": [73.0795, 33.66637]}}, {"type": "Feature", "properties": {"id": "ORD-1261", "value": 2693}, "geometry": {"type": "Point", "coordinates": [73.07777, 33.73371]}}, {"type": "Feature", "properties": {"id": "ORD-1904", "value": 1054}, "geometry": {"type": "Point", "coordinates": [72.97353, 33.70718]}}, {"type": "Feature", "properties": {"id": "ORD-1828", "value": 323}, "geometry": {"type": "Point", "coordinates": [72.974, 33.70472]}}, {"type": "Feature", "properties": {"id": "ORD-1956", "value": 1022}, "geometry": {"type": "Point", "coordinates": [73.17585, 33.63483]}}, {"type": "Feature", "properties": {"id": "ORD-1387", "value": 2266}, "geometry": {"type": "Point", "coordinates": [73.05114, 33.71289]}}, {"type": "Feature", "properties": {"id": "ORD-1102", "value": 2175}, "geometry": {"type": "Point", "coordinates": [73.06297, 33.72226]}}, {"type": "Feature", "properties": {"id": "ORD-1578", "value": 1622}, "geometry": {"type": "Point", "coordinates": [73.02808, 33.69503]}}, {"type": "Feature", "properties": {"id": "ORD-1050", "value": 900}, "geometry": {"type": "Point", "coordinates": [73.04417, 33.72506]}}, {"type": "Feature", "properties": {"id": "ORD-1584", "value": 1312}, "geometry": {"type": "Point", "coordinates": [73.08641, 33.6723]}}, {"type": "Feature", "properties": {"id": "ORD-2044", "value": 3242}, "geometry": {"type": "Point", "coordinates": [73.15052, 33.64277]}}, {"type": "Feature", "properties": {"id": "ORD-1797", "value": 541}, "geometry": {"type": "Point", "coordinates": [72.98033, 33.70063]}}, {"type": "Feature", "properties": {"id": "ORD-1484", "value": 938}, "geometry": {"type": "Point", "coordinates": [72.97907, 33.70261]}}, {"type": "Feature", "properties": {"id": "ORD-1494", "value": 1071}, "geometry": {"type": "Point", "coordinates": [72.97018, 33.67824]}}, {"type": "Feature", "properties": {"id": "ORD-1961", "value": 1110}, "geometry": {"type": "Point", "coordinates": [73.16089, 33.65667]}}, {"type": "Feature", "properties": {"id": "ORD-1859", "value": 1276}, "geometry": {"type": "Point", "coordinates": [72.97206, 33.70707]}}, {"type": "Feature", "properties": {"id": "ORD-1875", "value": 267}, "geometry": {"type": "Point", "coordinates": [72.96634, 33.69936]}}, {"type": "Feature", "properties": {"id": "ORD-1053", "value": 1366}, "geometry": {"type": "Point", "coordinates": [73.05103, 33.72079]}}, {"type": "Feature", "properties": {"id": "ORD-1622", "value": 477}, "geometry": {"type": "Point", "coordinates": [73.07423, 33.66715]}}, {"type": "Feature", "properties": {"id": "ORD-1598", "value": 585}, "geometry": {"type": "Point", "coordinates": [73.07054, 33.66047]}}, {"type": "Feature", "properties": {"id": "ORD-1985", "value": 940}, "geometry": {"type": "Point", "coordinates": [73.16809, 33.66663]}}, {"type": "Feature", "properties": {"id": "ORD-2028", "value": 1673}, "geometry": {"type": "Point", "coordinates": [73.15152, 33.65471]}}, {"type": "Feature", "properties": {"id": "ORD-1288", "value": 610}, "geometry": {"type": "Point", "coordinates": [73.06209, 33.69953]}}, {"type": "Feature", "properties": {"id": "ORD-1103", "value": 1242}, "geometry": {"type": "Point", "coordinates": [73.05595, 33.72617]}}, {"type": "Feature", "properties": {"id": "ORD-1764", "value": 535}, "geometry": {"type": "Point", "coordinates": [72.97956, 33.69962]}}, {"type": "Feature", "properties": {"id": "ORD-1669", "value": 430}, "geometry": {"type": "Point", "coordinates": [72.99379, 33.66508]}}, {"type": "Feature", "properties": {"id": "ORD-1806", "value": 874}, "geometry": {"type": "Point", "coordinates": [72.96541, 33.69844]}}, {"type": "Feature", "properties": {"id": "ORD-1463", "value": 463}, "geometry": {"type": "Point", "coordinates": [72.98271, 33.69551]}}, {"type": "Feature", "properties": {"id": "ORD-1832", "value": 390}, "geometry": {"type": "Point", "coordinates": [72.96607, 33.71092]}}, {"type": "Feature", "properties": {"id": "ORD-1081", "value": 520}, "geometry": {"type": "Point", "coordinates": [73.05966, 33.7084]}}, {"type": "Feature", "properties": {"id": "ORD-1089", "value": 655}, "geometry": {"type": "Point", "coordinates": [73.05876, 33.72259]}}, {"type": "Feature", "properties": {"id": "ORD-1876", "value": 238}, "geometry": {"type": "Point", "coordinates": [72.98457, 33.7072]}}, {"type": "Feature", "properties": {"id": "ORD-1657", "value": 1280}, "geometry": {"type": "Point", "coordinates": [73.00047, 33.67909]}}, {"type": "Feature", "properties": {"id": "ORD-1672", "value": 411}, "geometry": {"type": "Point", "coordinates": [72.99261, 33.67254]}}, {"type": "Feature", "properties": {"id": "ORD-2000", "value": 1043}, "geometry": {"type": "Point", "coordinates": [73.15227, 33.65846]}}, {"type": "Feature", "properties": {"id": "ORD-1293", "value": 305}, "geometry": {"type": "Point", "coordinates": [73.05113, 33.70776]}}, {"type": "Feature", "properties": {"id": "ORD-2009", "value": 1852}, "geometry": {"type": "Point", "coordinates": [73.17495, 33.6416]}}, {"type": "Feature", "properties": {"id": "ORD-1251", "value": 2504}, "geometry": {"type": "Point", "coordinates": [73.08903, 33.72816]}}, {"type": "Feature", "properties": {"id": "ORD-1755", "value": 336}, "geometry": {"type": "Point", "coordinates": [72.97319, 33.6989]}}, {"type": "Feature", "properties": {"id": "ORD-1482", "value": 1156}, "geometry": {"type": "Point", "coordinates": [72.99875, 33.69732]}}, {"type": "Feature", "properties": {"id": "ORD-1014", "value": 1538}, "geometry": {"type": "Point", "coordinates": [73.05876, 33.71877]}}, {"type": "Feature", "properties": {"id": "ORD-1827", "value": 427}, "geometry": {"type": "Point", "coordinates": [72.96797, 33.70159]}}, {"type": "Feature", "properties": {"id": "ORD-1174", "value": 594}, "geometry": {"type": "Point", "coordinates": [73.07437, 33.73436]}}, {"type": "Feature", "properties": {"id": "ORD-1658", "value": 1062}, "geometry": {"type": "Point", "coordinates": [73.00739, 33.67105]}}, {"type": "Feature", "properties": {"id": "ORD-1108", "value": 720}, "geometry": {"type": "Point", "coordinates": [73.06481, 33.72112]}}, {"type": "Feature", "properties": {"id": "ORD-1636", "value": 1692}, "geometry": {"type": "Point", "coordinates": [73.07683, 33.67442]}}, {"type": "Feature", "properties": {"id": "ORD-1023", "value": 2646}, "geometry": {"type": "Point", "coordinates": [73.06291, 33.71417]}}, {"type": "Feature", "properties": {"id": "ORD-1331", "value": 1262}, "geometry": {"type": "Point", "coordinates": [73.05315, 33.70536]}}, {"type": "Feature", "properties": {"id": "ORD-1867", "value": 471}, "geometry": {"type": "Point", "coordinates": [72.97904, 33.70214]}}, {"type": "Feature", "properties": {"id": "ORD-1415", "value": 724}, "geometry": {"type": "Point", "coordinates": [72.99085, 33.69556]}}, {"type": "Feature", "properties": {"id": "ORD-2053", "value": 1476}, "geometry": {"type": "Point", "coordinates": [73.1601, 33.66769]}}, {"type": "Feature", "properties": {"id": "ORD-1628", "value": 723}, "geometry": {"type": "Point", "coordinates": [73.07057, 33.65636]}}, {"type": "Feature", "properties": {"id": "ORD-1124", "value": 457}, "geometry": {"type": "Point", "coordinates": [73.04935, 33.71309]}}, {"type": "Feature", "properties": {"id": "ORD-1249", "value": 652}, "geometry": {"type": "Point", "coordinates": [73.07804, 33.71928]}}, {"type": "Feature", "properties": {"id": "ORD-1604", "value": 702}, "geometry": {"type": "Point", "coordinates": [73.06777, 33.66111]}}, {"type": "Feature", "properties": {"id": "ORD-1512", "value": 439}, "geometry": {"type": "Point", "coordinates": [73.03839, 33.70024]}}, {"type": "Feature", "properties": {"id": "ORD-1552", "value": 499}, "geometry": {"type": "Point", "coordinates": [73.04366, 33.68519]}}, {"type": "Feature", "properties": {"id": "ORD-1303", "value": 718}, "geometry": {"type": "Point", "coordinates": [73.05389, 33.72026]}}, {"type": "Feature", "properties": {"id": "ORD-1673", "value": 543}, "geometry": {"type": "Point", "coordinates": [73.00067, 33.67768]}}, {"type": "Feature", "properties": {"id": "ORD-1709", "value": 433}, "geometry": {"type": "Point", "coordinates": [72.99928, 33.6582]}}, {"type": "Feature", "properties": {"id": "ORD-1316", "value": 365}, "geometry": {"type": "Point", "coordinates": [73.0535, 33.70895]}}, {"type": "Feature", "properties": {"id": "ORD-2049", "value": 2696}, "geometry": {"type": "Point", "coordinates": [73.14831, 33.63763]}}, {"type": "Feature", "properties": {"id": "ORD-1931", "value": 1226}, "geometry": {"type": "Point", "coordinates": [73.17278, 33.64572]}}, {"type": "Feature", "properties": {"id": "ORD-1820", "value": 356}, "geometry": {"type": "Point", "coordinates": [72.96842, 33.69192]}}, {"type": "Feature", "properties": {"id": "ORD-1855", "value": 1050}, "geometry": {"type": "Point", "coordinates": [72.96896, 33.70971]}}, {"type": "Feature", "properties": {"id": "ORD-1157", "value": 515}, "geometry": {"type": "Point", "coordinates": [73.07572, 33.72599]}}, {"type": "Feature", "properties": {"id": "ORD-1342", "value": 1062}, "geometry": {"type": "Point", "coordinates": [73.05679, 33.72037]}}, {"type": "Feature", "properties": {"id": "ORD-1357", "value": 646}, "geometry": {"type": "Point", "coordinates": [73.05061, 33.70132]}}, {"type": "Feature", "properties": {"id": "ORD-1358", "value": 654}, "geometry": {"type": "Point", "coordinates": [73.05216, 33.71041]}}, {"type": "Feature", "properties": {"id": "ORD-2055", "value": 978}, "geometry": {"type": "Point", "coordinates": [73.15233, 33.65485]}}, {"type": "Feature", "properties": {"id": "ORD-1066", "value": 996}, "geometry": {"type": "Point", "coordinates": [73.05944, 33.72272]}}, {"type": "Feature", "properties": {"id": "ORD-1918", "value": 464}, "geometry": {"type": "Point", "coordinates": [72.96926, 33.70301]}}, {"type": "Feature", "properties": {"id": "ORD-1407", "value": 414}, "geometry": {"type": "Point", "coordinates": [72.99405, 33.69948]}}, {"type": "Feature", "properties": {"id": "ORD-1489", "value": 724}, "geometry": {"type": "Point", "coordinates": [73.00022, 33.6948]}}, {"type": "Feature", "properties": {"id": "ORD-1694", "value": 817}, "geometry": {"type": "Point", "coordinates": [72.99832, 33.67453]}}, {"type": "Feature", "properties": {"id": "ORD-1821", "value": 258}, "geometry": {"type": "Point", "coordinates": [72.9752, 33.70794]}}, {"type": "Feature", "properties": {"id": "ORD-1286", "value": 341}, "geometry": {"type": "Point", "coordinates": [73.05106, 33.71955]}}, {"type": "Feature", "properties": {"id": "ORD-1333", "value": 421}, "geometry": {"type": "Point", "coordinates": [73.05832, 33.71411]}}, {"type": "Feature", "properties": {"id": "ORD-1649", "value": 468}, "geometry": {"type": "Point", "coordinates": [73.07158, 33.66596]}}, {"type": "Feature", "properties": {"id": "ORD-1378", "value": 623}, "geometry": {"type": "Point", "coordinates": [73.05556, 33.71229]}}, {"type": "Feature", "properties": {"id": "ORD-1774", "value": 282}, "geometry": {"type": "Point", "coordinates": [72.97576, 33.71754]}}, {"type": "Feature", "properties": {"id": "ORD-1763", "value": 735}, "geometry": {"type": "Point", "coordinates": [72.98312, 33.70937]}}, {"type": "Feature", "properties": {"id": "ORD-1731", "value": 1029}, "geometry": {"type": "Point", "coordinates": [72.96924, 33.70102]}}, {"type": "Feature", "properties": {"id": "ORD-1954", "value": 2566}, "geometry": {"type": "Point", "coordinates": [73.15802, 33.65314]}}, {"type": "Feature", "properties": {"id": "ORD-1078", "value": 757}, "geometry": {"type": "Point", "coordinates": [73.05647, 33.72763]}}, {"type": "Feature", "properties": {"id": "ORD-1571", "value": 1667}, "geometry": {"type": "Point", "coordinates": [73.02089, 33.68616]}}, {"type": "Feature", "properties": {"id": "ORD-1448", "value": 882}, "geometry": {"type": "Point", "coordinates": [72.98865, 33.69109]}}, {"type": "Feature", "properties": {"id": "ORD-1279", "value": 509}, "geometry": {"type": "Point", "coordinates": [73.05583, 33.70334]}}, {"type": "Feature", "properties": {"id": "ORD-1341", "value": 1317}, "geometry": {"type": "Point", "coordinates": [73.05899, 33.70257]}}, {"type": "Feature", "properties": {"id": "ORD-1707", "value": 410}, "geometry": {"type": "Point", "coordinates": [72.99977, 33.66534]}}, {"type": "Feature", "properties": {"id": "ORD-1927", "value": 1381}, "geometry": {"type": "Point", "coordinates": [73.1629, 33.66724]}}, {"type": "Feature", "properties": {"id": "ORD-1780", "value": 535}, "geometry": {"type": "Point", "coordinates": [72.97269, 33.71303]}}, {"type": "Feature", "properties": {"id": "ORD-1840", "value": 380}, "geometry": {"type": "Point", "coordinates": [72.96213, 33.70825]}}, {"type": "Feature", "properties": {"id": "ORD-1181", "value": 837}, "geometry": {"type": "Point", "coordinates": [73.07569, 33.72807]}}, {"type": "Feature", "properties": {"id": "ORD-1076", "value": 542}, "geometry": {"type": "Point", "coordinates": [73.04714, 33.71646]}}, {"type": "Feature", "properties": {"id": "ORD-1434", "value": 804}, "geometry": {"type": "Point", "coordinates": [72.99696, 33.69613]}}, {"type": "Feature", "properties": {"id": "ORD-1502", "value": 368}, "geometry": {"type": "Point", "coordinates": [73.01889, 33.69628]}}, {"type": "Feature", "properties": {"id": "ORD-1680", "value": 685}, "geometry": {"type": "Point", "coordinates": [72.97426, 33.67286]}}, {"type": "Feature", "properties": {"id": "ORD-1368", "value": 1108}, "geometry": {"type": "Point", "coordinates": [73.05564, 33.70814]}}, {"type": "Feature", "properties": {"id": "ORD-1682", "value": 1094}, "geometry": {"type": "Point", "coordinates": [72.99977, 33.66522]}}, {"type": "Feature", "properties": {"id": "ORD-1593", "value": 709}, "geometry": {"type": "Point", "coordinates": [73.06989, 33.66405]}}, {"type": "Feature", "properties": {"id": "ORD-1071", "value": 877}, "geometry": {"type": "Point", "coordinates": [73.07242, 33.71959]}}, {"type": "Feature", "properties": {"id": "ORD-1493", "value": 1628}, "geometry": {"type": "Point", "coordinates": [72.99725, 33.68512]}}, {"type": "Feature", "properties": {"id": "ORD-1738", "value": 1011}, "geometry": {"type": "Point", "coordinates": [72.96215, 33.71179]}}, {"type": "Feature", "properties": {"id": "ORD-1903", "value": 212}, "geometry": {"type": "Point", "coordinates": [72.96464, 33.70543]}}, {"type": "Feature", "properties": {"id": "ORD-1039", "value": 486}, "geometry": {"type": "Point", "coordinates": [73.06253, 33.72032]}}, {"type": "Feature", "properties": {"id": "ORD-1967", "value": 1306}, "geometry": {"type": "Point", "coordinates": [73.14351, 33.64107]}}, {"type": "Feature", "properties": {"id": "ORD-1829", "value": 386}, "geometry": {"type": "Point", "coordinates": [72.95912, 33.71393]}}, {"type": "Feature", "properties": {"id": "ORD-1132", "value": 773}, "geometry": {"type": "Point", "coordinates": [73.05079, 33.7233]}}, {"type": "Feature", "properties": {"id": "ORD-1729", "value": 637}, "geometry": {"type": "Point", "coordinates": [72.97165, 33.70732]}}, {"type": "Feature", "properties": {"id": "ORD-1817", "value": 439}, "geometry": {"type": "Point", "coordinates": [72.97296, 33.70756]}}, {"type": "Feature", "properties": {"id": "ORD-1042", "value": 1364}, "geometry": {"type": "Point", "coordinates": [73.05253, 33.71885]}}, {"type": "Feature", "properties": {"id": "ORD-1127", "value": 499}, "geometry": {"type": "Point", "coordinates": [73.05028, 33.72049]}}, {"type": "Feature", "properties": {"id": "ORD-1346", "value": 400}, "geometry": {"type": "Point", "coordinates": [73.06032, 33.71498]}}, {"type": "Feature", "properties": {"id": "ORD-1852", "value": 788}, "geometry": {"type": "Point", "coordinates": [72.9747, 33.70432]}}, {"type": "Feature", "properties": {"id": "ORD-1007", "value": 936}, "geometry": {"type": "Point", "coordinates": [73.05681, 33.72584]}}, {"type": "Feature", "properties": {"id": "ORD-1384", "value": 596}, "geometry": {"type": "Point", "coordinates": [73.05839, 33.71552]}}, {"type": "Feature", "properties": {"id": "ORD-1909", "value": 487}, "geometry": {"type": "Point", "coordinates": [72.98021, 33.70169]}}, {"type": "Feature", "properties": {"id": "ORD-2005", "value": 1276}, "geometry": {"type": "Point", "coordinates": [73.16267, 33.64696]}}, {"type": "Feature", "properties": {"id": "ORD-1478", "value": 1244}, "geometry": {"type": "Point", "coordinates": [72.98623, 33.70691]}}, {"type": "Feature", "properties": {"id": "ORD-2002", "value": 1724}, "geometry": {"type": "Point", "coordinates": [73.146, 33.66419]}}, {"type": "Feature", "properties": {"id": "ORD-1444", "value": 1210}, "geometry": {"type": "Point", "coordinates": [72.99438, 33.69584]}}, {"type": "Feature", "properties": {"id": "ORD-1801", "value": 625}, "geometry": {"type": "Point", "coordinates": [72.96192, 33.71652]}}, {"type": "Feature", "properties": {"id": "ORD-1935", "value": 1350}, "geometry": {"type": "Point", "coordinates": [73.15295, 33.65396]}}, {"type": "Feature", "properties": {"id": "ORD-1733", "value": 258}, "geometry": {"type": "Point", "coordinates": [72.96854, 33.70417]}}, {"type": "Feature", "properties": {"id": "ORD-1826", "value": 264}, "geometry": {"type": "Point", "coordinates": [72.96044, 33.69106]}}, {"type": "Feature", "properties": {"id": "ORD-1092", "value": 856}, "geometry": {"type": "Point", "coordinates": [73.05788, 33.72034]}}, {"type": "Feature", "properties": {"id": "ORD-1834", "value": 336}, "geometry": {"type": "Point", "coordinates": [72.98375, 33.71316]}}, {"type": "Feature", "properties": {"id": "ORD-1020", "value": 690}, "geometry": {"type": "Point", "coordinates": [73.05932, 33.72215]}}, {"type": "Feature", "properties": {"id": "ORD-1794", "value": 1585}, "geometry": {"type": "Point", "coordinates": [72.96634, 33.70923]}}, {"type": "Feature", "properties": {"id": "ORD-1015", "value": 1490}, "geometry": {"type": "Point", "coordinates": [73.07206, 33.71671]}}, {"type": "Feature", "properties": {"id": "ORD-1692", "value": 1236}, "geometry": {"type": "Point", "coordinates": [73.00286, 33.67416]}}, {"type": "Feature", "properties": {"id": "ORD-1693", "value": 347}, "geometry": {"type": "Point", "coordinates": [73.00849, 33.67812]}}, {"type": "Feature", "properties": {"id": "ORD-1295", "value": 1507}, "geometry": {"type": "Point", "coordinates": [73.06226, 33.71453]}}, {"type": "Feature", "properties": {"id": "ORD-1688", "value": 772}, "geometry": {"type": "Point", "coordinates": [72.98447, 33.67327]}}, {"type": "Feature", "properties": {"id": "ORD-1879", "value": 583}, "geometry": {"type": "Point", "coordinates": [72.97928, 33.7157]}}, {"type": "Feature", "properties": {"id": "ORD-1386", "value": 750}, "geometry": {"type": "Point", "coordinates": [73.05314, 33.70814]}}, {"type": "Feature", "properties": {"id": "ORD-1522", "value": 586}, "geometry": {"type": "Point", "coordinates": [73.02625, 33.69831]}}, {"type": "Feature", "properties": {"id": "ORD-1601", "value": 782}, "geometry": {"type": "Point", "coordinates": [73.08363, 33.67599]}}, {"type": "Feature", "properties": {"id": "ORD-1225", "value": 1146}, "geometry": {"type": "Point", "coordinates": [73.08337, 33.72596]}}, {"type": "Feature", "properties": {"id": "ORD-1209", "value": 808}, "geometry": {"type": "Point", "coordinates": [73.07917, 33.7386]}}, {"type": "Feature", "properties": {"id": "ORD-2032", "value": 3414}, "geometry": {"type": "Point", "coordinates": [73.14412, 33.66087]}}, {"type": "Feature", "properties": {"id": "ORD-2037", "value": 890}, "geometry": {"type": "Point", "coordinates": [73.16253, 33.65092]}}, {"type": "Feature", "properties": {"id": "ORD-1332", "value": 1276}, "geometry": {"type": "Point", "coordinates": [73.05017, 33.71212]}}, {"type": "Feature", "properties": {"id": "ORD-1205", "value": 928}, "geometry": {"type": "Point", "coordinates": [73.05821, 33.73874]}}, {"type": "Feature", "properties": {"id": "ORD-1892", "value": 529}, "geometry": {"type": "Point", "coordinates": [72.96664, 33.69587]}}, {"type": "Feature", "properties": {"id": "ORD-1269", "value": 402}, "geometry": {"type": "Point", "coordinates": [73.07415, 33.73398]}}, {"type": "Feature", "properties": {"id": "ORD-1922", "value": 3208}, "geometry": {"type": "Point", "coordinates": [73.14995, 33.66559]}}, {"type": "Feature", "properties": {"id": "ORD-2021", "value": 812}, "geometry": {"type": "Point", "coordinates": [73.13664, 33.64748]}}, {"type": "Feature", "properties": {"id": "ORD-1744", "value": 588}, "geometry": {"type": "Point", "coordinates": [72.9689, 33.70507]}}, {"type": "Feature", "properties": {"id": "ORD-1599", "value": 795}, "geometry": {"type": "Point", "coordinates": [73.07905, 33.66807]}}, {"type": "Feature", "properties": {"id": "ORD-1812", "value": 747}, "geometry": {"type": "Point", "coordinates": [72.97323, 33.70677]}}, {"type": "Feature", "properties": {"id": "ORD-1818", "value": 281}, "geometry": {"type": "Point", "coordinates": [72.97174, 33.69641]}}, {"type": "Feature", "properties": {"id": "ORD-1868", "value": 299}, "geometry": {"type": "Point", "coordinates": [72.98248, 33.70209]}}, {"type": "Feature", "properties": {"id": "ORD-1111", "value": 876}, "geometry": {"type": "Point", "coordinates": [73.06378, 33.72232]}}, {"type": "Feature", "properties": {"id": "ORD-1991", "value": 1719}, "geometry": {"type": "Point", "coordinates": [73.13426, 33.65329]}}, {"type": "Feature", "properties": {"id": "ORD-1975", "value": 1612}, "geometry": {"type": "Point", "coordinates": [73.15373, 33.64159]}}, {"type": "Feature", "properties": {"id": "ORD-1637", "value": 792}, "geometry": {"type": "Point", "coordinates": [73.07549, 33.6728]}}, {"type": "Feature", "properties": {"id": "ORD-1390", "value": 1830}, "geometry": {"type": "Point", "coordinates": [73.05613, 33.70703]}}, {"type": "Feature", "properties": {"id": "ORD-1984", "value": 2893}, "geometry": {"type": "Point", "coordinates": [73.143, 33.6592]}}, {"type": "Feature", "properties": {"id": "ORD-1837", "value": 1512}, "geometry": {"type": "Point", "coordinates": [72.96192, 33.6985]}}, {"type": "Feature", "properties": {"id": "ORD-1283", "value": 422}, "geometry": {"type": "Point", "coordinates": [73.05566, 33.70656]}}, {"type": "Feature", "properties": {"id": "ORD-1790", "value": 285}, "geometry": {"type": "Point", "coordinates": [72.97519, 33.71321]}}, {"type": "Feature", "properties": {"id": "ORD-1038", "value": 781}, "geometry": {"type": "Point", "coordinates": [73.06161, 33.72012]}}, {"type": "Feature", "properties": {"id": "ORD-1980", "value": 4655}, "geometry": {"type": "Point", "coordinates": [73.1459, 33.65538]}}, {"type": "Feature", "properties": {"id": "ORD-1180", "value": 466}, "geometry": {"type": "Point", "coordinates": [73.07525, 33.72414]}}, {"type": "Feature", "properties": {"id": "ORD-1861", "value": 384}, "geometry": {"type": "Point", "coordinates": [72.96555, 33.70239]}}, {"type": "Feature", "properties": {"id": "ORD-1113", "value": 1090}, "geometry": {"type": "Point", "coordinates": [73.05045, 33.71553]}}, {"type": "Feature", "properties": {"id": "ORD-1835", "value": 1044}, "geometry": {"type": "Point", "coordinates": [72.96869, 33.71371]}}, {"type": "Feature", "properties": {"id": "ORD-1929", "value": 3498}, "geometry": {"type": "Point", "coordinates": [73.15325, 33.63857]}}, {"type": "Feature", "properties": {"id": "ORD-1523", "value": 872}, "geometry": {"type": "Point", "coordinates": [73.03139, 33.69406]}}, {"type": "Feature", "properties": {"id": "ORD-1894", "value": 885}, "geometry": {"type": "Point", "coordinates": [72.96861, 33.70591]}}, {"type": "Feature", "properties": {"id": "ORD-1145", "value": 950}, "geometry": {"type": "Point", "coordinates": [73.05477, 33.7177]}}, {"type": "Feature", "properties": {"id": "ORD-1232", "value": 551}, "geometry": {"type": "Point", "coordinates": [73.08341, 33.72117]}}, {"type": "Feature", "properties": {"id": "ORD-1454", "value": 2700}, "geometry": {"type": "Point", "coordinates": [73.00054, 33.69651]}}, {"type": "Feature", "properties": {"id": "ORD-1170", "value": 676}, "geometry": {"type": "Point", "coordinates": [73.06438, 33.73561]}}, {"type": "Feature", "properties": {"id": "ORD-1255", "value": 2614}, "geometry": {"type": "Point", "coordinates": [73.05988, 33.71989]}}, {"type": "Feature", "properties": {"id": "ORD-1994", "value": 1766}, "geometry": {"type": "Point", "coordinates": [73.14421, 33.65279]}}, {"type": "Feature", "properties": {"id": "ORD-1958", "value": 1085}, "geometry": {"type": "Point", "coordinates": [73.1662, 33.6615]}}, {"type": "Feature", "properties": {"id": "ORD-1299", "value": 544}, "geometry": {"type": "Point", "coordinates": [73.05712, 33.70689]}}, {"type": "Feature", "properties": {"id": "ORD-1558", "value": 1122}, "geometry": {"type": "Point", "coordinates": [73.03295, 33.67564]}}, {"type": "Feature", "properties": {"id": "ORD-1028", "value": 646}, "geometry": {"type": "Point", "coordinates": [73.05751, 33.72523]}}, {"type": "Feature", "properties": {"id": "ORD-1782", "value": 447}, "geometry": {"type": "Point", "coordinates": [72.96922, 33.70112]}}, {"type": "Feature", "properties": {"id": "ORD-1356", "value": 457}, "geometry": {"type": "Point", "coordinates": [73.06648, 33.71862]}}, {"type": "Feature", "properties": {"id": "ORD-1650", "value": 1001}, "geometry": {"type": "Point", "coordinates": [73.06797, 33.66329]}}, {"type": "Feature", "properties": {"id": "ORD-1606", "value": 1605}, "geometry": {"type": "Point", "coordinates": [73.07352, 33.65789]}}, {"type": "Feature", "properties": {"id": "ORD-1141", "value": 627}, "geometry": {"type": "Point", "coordinates": [73.05881, 33.71865]}}, {"type": "Feature", "properties": {"id": "ORD-1290", "value": 651}, "geometry": {"type": "Point", "coordinates": [73.04679, 33.71747]}}, {"type": "Feature", "properties": {"id": "ORD-1767", "value": 444}, "geometry": {"type": "Point", "coordinates": [72.96846, 33.70232]}}, {"type": "Feature", "properties": {"id": "ORD-1939", "value": 976}, "geometry": {"type": "Point", "coordinates": [73.16121, 33.65839]}}, {"type": "Feature", "properties": {"id": "ORD-1952", "value": 1533}, "geometry": {"type": "Point", "coordinates": [73.155, 33.63364]}}, {"type": "Feature", "properties": {"id": "ORD-1487", "value": 373}, "geometry": {"type": "Point", "coordinates": [73.00036, 33.6914]}}, {"type": "Feature", "properties": {"id": "ORD-1766", "value": 402}, "geometry": {"type": "Point", "coordinates": [72.97588, 33.70596]}}, {"type": "Feature", "properties": {"id": "ORD-1059", "value": 1574}, "geometry": {"type": "Point", "coordinates": [73.06627, 33.72077]}}, {"type": "Feature", "properties": {"id": "ORD-1898", "value": 921}, "geometry": {"type": "Point", "coordinates": [72.97556, 33.69114]}}, {"type": "Feature", "properties": {"id": "ORD-1105", "value": 1544}, "geometry": {"type": "Point", "coordinates": [73.07253, 33.7273]}}, {"type": "Feature", "properties": {"id": "ORD-1362", "value": 305}, "geometry": {"type": "Point", "coordinates": [73.05561, 33.70991]}}, {"type": "Feature", "properties": {"id": "ORD-1485", "value": 529}, "geometry": {"type": "Point", "coordinates": [72.99678, 33.68896]}}, {"type": "Feature", "properties": {"id": "ORD-1123", "value": 1616}, "geometry": {"type": "Point", "coordinates": [73.06108, 33.71778]}}, {"type": "Feature", "properties": {"id": "ORD-1457", "value": 437}, "geometry": {"type": "Point", "coordinates": [72.99205, 33.69687]}}, {"type": "Feature", "properties": {"id": "ORD-1401", "value": 612}, "geometry": {"type": "Point", "coordinates": [72.99264, 33.69443]}}, {"type": "Feature", "properties": {"id": "ORD-1705", "value": 468}, "geometry": {"type": "Point", "coordinates": [73.01407, 33.67749]}}, {"type": "Feature", "properties": {"id": "ORD-1272", "value": 1022}, "geometry": {"type": "Point", "coordinates": [73.05289, 33.70693]}}, {"type": "Feature", "properties": {"id": "ORD-1597", "value": 851}, "geometry": {"type": "Point", "coordinates": [73.08726, 33.6544]}}, {"type": "Feature", "properties": {"id": "ORD-1142", "value": 399}, "geometry": {"type": "Point", "coordinates": [73.06095, 33.71811]}}, {"type": "Feature", "properties": {"id": "ORD-1388", "value": 302}, "geometry": {"type": "Point", "coordinates": [73.05589, 33.70677]}}, {"type": "Feature", "properties": {"id": "ORD-1596", "value": 1090}, "geometry": {"type": "Point", "coordinates": [73.06694, 33.66619]}}, {"type": "Feature", "properties": {"id": "ORD-1151", "value": 1806}, "geometry": {"type": "Point", "coordinates": [73.06804, 33.73127]}}, {"type": "Feature", "properties": {"id": "ORD-1158", "value": 786}, "geometry": {"type": "Point", "coordinates": [73.06888, 33.72667]}}, {"type": "Feature", "properties": {"id": "ORD-1871", "value": 269}, "geometry": {"type": "Point", "coordinates": [72.95483, 33.70524]}}, {"type": "Feature", "properties": {"id": "ORD-1185", "value": 1287}, "geometry": {"type": "Point", "coordinates": [73.07351, 33.72648]}}, {"type": "Feature", "properties": {"id": "ORD-1129", "value": 859}, "geometry": {"type": "Point", "coordinates": [73.04892, 33.71622]}}, {"type": "Feature", "properties": {"id": "ORD-1075", "value": 1584}, "geometry": {"type": "Point", "coordinates": [73.058, 33.71199]}}, {"type": "Feature", "properties": {"id": "ORD-1112", "value": 2352}, "geometry": {"type": "Point", "coordinates": [73.05942, 33.71958]}}, {"type": "Feature", "properties": {"id": "ORD-1430", "value": 1422}, "geometry": {"type": "Point", "coordinates": [72.99717, 33.68774]}}, {"type": "Feature", "properties": {"id": "ORD-1009", "value": 814}, "geometry": {"type": "Point", "coordinates": [73.05253, 33.72045]}}, {"type": "Feature", "properties": {"id": "ORD-1572", "value": 1645}, "geometry": {"type": "Point", "coordinates": [73.02168, 33.68931]}}, {"type": "Feature", "properties": {"id": "ORD-1773", "value": 277}, "geometry": {"type": "Point", "coordinates": [72.96244, 33.69545]}}, {"type": "Feature", "properties": {"id": "ORD-1257", "value": 516}, "geometry": {"type": "Point", "coordinates": [73.07818, 33.72095]}}, {"type": "Feature", "properties": {"id": "ORD-1970", "value": 1715}, "geometry": {"type": "Point", "coordinates": [73.16573, 33.66606]}}, {"type": "Feature", "properties": {"id": "ORD-1184", "value": 1474}, "geometry": {"type": "Point", "coordinates": [73.07636, 33.72148]}}, {"type": "Feature", "properties": {"id": "ORD-1320", "value": 408}, "geometry": {"type": "Point", "coordinates": [73.05178, 33.70381]}}, {"type": "Feature", "properties": {"id": "ORD-1533", "value": 498}, "geometry": {"type": "Point", "coordinates": [73.02814, 33.68366]}}, {"type": "Feature", "properties": {"id": "ORD-1198", "value": 1724}, "geometry": {"type": "Point", "coordinates": [73.07273, 33.72911]}}, {"type": "Feature", "properties": {"id": "ORD-1278", "value": 358}, "geometry": {"type": "Point", "coordinates": [73.06045, 33.70716]}}, {"type": "Feature", "properties": {"id": "ORD-1530", "value": 412}, "geometry": {"type": "Point", "coordinates": [73.0356, 33.69048]}}, {"type": "Feature", "properties": {"id": "ORD-1499", "value": 760}, "geometry": {"type": "Point", "coordinates": [73.03359, 33.68893]}}, {"type": "Feature", "properties": {"id": "ORD-1345", "value": 692}, "geometry": {"type": "Point", "coordinates": [73.05332, 33.7156]}}, {"type": "Feature", "properties": {"id": "ORD-1626", "value": 605}, "geometry": {"type": "Point", "coordinates": [73.06751, 33.66501]}}, {"type": "Feature", "properties": {"id": "ORD-1292", "value": 977}, "geometry": {"type": "Point", "coordinates": [73.04941, 33.70609]}}, {"type": "Feature", "properties": {"id": "ORD-1412", "value": 555}, "geometry": {"type": "Point", "coordinates": [72.97206, 33.68826]}}, {"type": "Feature", "properties": {"id": "ORD-1154", "value": 1085}, "geometry": {"type": "Point", "coordinates": [73.06194, 33.72817]}}, {"type": "Feature", "properties": {"id": "ORD-1561", "value": 660}, "geometry": {"type": "Point", "coordinates": [73.03424, 33.68918]}}, {"type": "Feature", "properties": {"id": "ORD-1849", "value": 292}, "geometry": {"type": "Point", "coordinates": [72.97568, 33.71604]}}, {"type": "Feature", "properties": {"id": "ORD-1314", "value": 2014}, "geometry": {"type": "Point", "coordinates": [73.05592, 33.71401]}}, {"type": "Feature", "properties": {"id": "ORD-1539", "value": 1071}, "geometry": {"type": "Point", "coordinates": [73.04126, 33.6918]}}, {"type": "Feature", "properties": {"id": "ORD-1721", "value": 486}, "geometry": {"type": "Point", "coordinates": [72.96658, 33.70309]}}, {"type": "Feature", "properties": {"id": "ORD-1557", "value": 1122}, "geometry": {"type": "Point", "coordinates": [73.01612, 33.68701]}}, {"type": "Feature", "properties": {"id": "ORD-1056", "value": 2409}, "geometry": {"type": "Point", "coordinates": [73.05497, 33.70606]}}, {"type": "Feature", "properties": {"id": "ORD-1569", "value": 812}, "geometry": {"type": "Point", "coordinates": [73.03578, 33.68641]}}, {"type": "Feature", "properties": {"id": "ORD-1660", "value": 1718}, "geometry": {"type": "Point", "coordinates": [72.99549, 33.66271]}}, {"type": "Feature", "properties": {"id": "ORD-1890", "value": 1034}, "geometry": {"type": "Point", "coordinates": [72.97108, 33.69859]}}, {"type": "Feature", "properties": {"id": "ORD-1982", "value": 1837}, "geometry": {"type": "Point", "coordinates": [73.14871, 33.65601]}}, {"type": "Feature", "properties": {"id": "ORD-1090", "value": 419}, "geometry": {"type": "Point", "coordinates": [73.05478, 33.72008]}}, {"type": "Feature", "properties": {"id": "ORD-1536", "value": 401}, "geometry": {"type": "Point", "coordinates": [73.02192, 33.694]}}, {"type": "Feature", "properties": {"id": "ORD-1304", "value": 509}, "geometry": {"type": "Point", "coordinates": [73.06332, 33.71166]}}, {"type": "Feature", "properties": {"id": "ORD-1082", "value": 1784}, "geometry": {"type": "Point", "coordinates": [73.06467, 33.72763]}}, {"type": "Feature", "properties": {"id": "ORD-1575", "value": 1299}, "geometry": {"type": "Point", "coordinates": [73.02565, 33.691]}}, {"type": "Feature", "properties": {"id": "ORD-1340", "value": 453}, "geometry": {"type": "Point", "coordinates": [73.05531, 33.70861]}}, {"type": "Feature", "properties": {"id": "ORD-1757", "value": 432}, "geometry": {"type": "Point", "coordinates": [72.97462, 33.70414]}}, {"type": "Feature", "properties": {"id": "ORD-1968", "value": 1461}, "geometry": {"type": "Point", "coordinates": [73.14446, 33.6515]}}, {"type": "Feature", "properties": {"id": "ORD-1195", "value": 1371}, "geometry": {"type": "Point", "coordinates": [73.08267, 33.72214]}}, {"type": "Feature", "properties": {"id": "ORD-1004", "value": 498}, "geometry": {"type": "Point", "coordinates": [73.06213, 33.71511]}}, {"type": "Feature", "properties": {"id": "ORD-1036", "value": 1080}, "geometry": {"type": "Point", "coordinates": [73.05431, 33.71589]}}, {"type": "Feature", "properties": {"id": "ORD-1741", "value": 1030}, "geometry": {"type": "Point", "coordinates": [72.96663, 33.70986]}}, {"type": "Feature", "properties": {"id": "ORD-1862", "value": 514}, "geometry": {"type": "Point", "coordinates": [72.97535, 33.70721]}}, {"type": "Feature", "properties": {"id": "ORD-1035", "value": 492}, "geometry": {"type": "Point", "coordinates": [73.04895, 33.71041]}}, {"type": "Feature", "properties": {"id": "ORD-1422", "value": 467}, "geometry": {"type": "Point", "coordinates": [72.98749, 33.69225]}}, {"type": "Feature", "properties": {"id": "ORD-1915", "value": 483}, "geometry": {"type": "Point", "coordinates": [72.97562, 33.70514]}}, {"type": "Feature", "properties": {"id": "ORD-2043", "value": 921}, "geometry": {"type": "Point", "coordinates": [73.1652, 33.65426]}}, {"type": "Feature", "properties": {"id": "ORD-1751", "value": 342}, "geometry": {"type": "Point", "coordinates": [72.96771, 33.70281]}}, {"type": "Feature", "properties": {"id": "ORD-2007", "value": 1507}, "geometry": {"type": "Point", "coordinates": [73.15853, 33.65192]}}, {"type": "Feature", "properties": {"id": "ORD-1196", "value": 688}, "geometry": {"type": "Point", "coordinates": [73.06165, 33.72636]}}, {"type": "Feature", "properties": {"id": "ORD-1094", "value": 606}, "geometry": {"type": "Point", "coordinates": [73.05652, 33.72488]}}, {"type": "Feature", "properties": {"id": "ORD-1065", "value": 1068}, "geometry": {"type": "Point", "coordinates": [73.047, 33.71219]}}, {"type": "Feature", "properties": {"id": "ORD-1236", "value": 865}, "geometry": {"type": "Point", "coordinates": [73.07885, 33.72955]}}, {"type": "Feature", "properties": {"id": "ORD-1118", "value": 766}, "geometry": {"type": "Point", "coordinates": [73.05522, 33.72643]}}, {"type": "Feature", "properties": {"id": "ORD-1061", "value": 1311}, "geometry": {"type": "Point", "coordinates": [73.05631, 33.71215]}}, {"type": "Feature", "properties": {"id": "ORD-1034", "value": 1692}, "geometry": {"type": "Point", "coordinates": [73.04916, 33.72658]}}, {"type": "Feature", "properties": {"id": "ORD-1719", "value": 1472}, "geometry": {"type": "Point", "coordinates": [72.97133, 33.70812]}}, {"type": "Feature", "properties": {"id": "ORD-1044", "value": 397}, "geometry": {"type": "Point", "coordinates": [73.06788, 33.72554]}}, {"type": "Feature", "properties": {"id": "ORD-1172", "value": 719}, "geometry": {"type": "Point", "coordinates": [73.06923, 33.72987]}}, {"type": "Feature", "properties": {"id": "ORD-1547", "value": 771}, "geometry": {"type": "Point", "coordinates": [73.04157, 33.69127]}}, {"type": "Feature", "properties": {"id": "ORD-1953", "value": 1262}, "geometry": {"type": "Point", "coordinates": [73.1741, 33.65668]}}, {"type": "Feature", "properties": {"id": "ORD-1617", "value": 734}, "geometry": {"type": "Point", "coordinates": [73.07375, 33.65665]}}, {"type": "Feature", "properties": {"id": "ORD-1268", "value": 1978}, "geometry": {"type": "Point", "coordinates": [73.08021, 33.74241]}}, {"type": "Feature", "properties": {"id": "ORD-2029", "value": 2557}, "geometry": {"type": "Point", "coordinates": [73.15862, 33.65211]}}, {"type": "Feature", "properties": {"id": "ORD-1544", "value": 683}, "geometry": {"type": "Point", "coordinates": [73.03891, 33.69807]}}, {"type": "Feature", "properties": {"id": "ORD-1117", "value": 1722}, "geometry": {"type": "Point", "coordinates": [73.04484, 33.72379]}}, {"type": "Feature", "properties": {"id": "ORD-1220", "value": 1474}, "geometry": {"type": "Point", "coordinates": [73.08661, 33.72607]}}, {"type": "Feature", "properties": {"id": "ORD-2054", "value": 1703}, "geometry": {"type": "Point", "coordinates": [73.17586, 33.64516]}}, {"type": "Feature", "properties": {"id": "ORD-1949", "value": 1768}, "geometry": {"type": "Point", "coordinates": [73.16759, 33.67653]}}, {"type": "Feature", "properties": {"id": "ORD-1734", "value": 436}, "geometry": {"type": "Point", "coordinates": [72.96809, 33.70554]}}, {"type": "Feature", "properties": {"id": "ORD-1380", "value": 432}, "geometry": {"type": "Point", "coordinates": [73.05463, 33.70517]}}, {"type": "Feature", "properties": {"id": "ORD-1942", "value": 2205}, "geometry": {"type": "Point", "coordinates": [73.1426, 33.65379]}}, {"type": "Feature", "properties": {"id": "ORD-1376", "value": 514}, "geometry": {"type": "Point", "coordinates": [73.05352, 33.70386]}}, {"type": "Feature", "properties": {"id": "ORD-1736", "value": 249}, "geometry": {"type": "Point", "coordinates": [72.97447, 33.70507]}}, {"type": "Feature", "properties": {"id": "ORD-1428", "value": 2190}, "geometry": {"type": "Point", "coordinates": [72.98312, 33.68188]}}, {"type": "Feature", "properties": {"id": "ORD-1235", "value": 1125}, "geometry": {"type": "Point", "coordinates": [73.0692, 33.73782]}}, {"type": "Feature", "properties": {"id": "ORD-1720", "value": 306}, "geometry": {"type": "Point", "coordinates": [72.97049, 33.70576]}}, {"type": "Feature", "properties": {"id": "ORD-1825", "value": 691}, "geometry": {"type": "Point", "coordinates": [72.96462, 33.70284]}}, {"type": "Feature", "properties": {"id": "ORD-1652", "value": 1313}, "geometry": {"type": "Point", "coordinates": [72.98555, 33.66305]}}, {"type": "Feature", "properties": {"id": "ORD-1226", "value": 1631}, "geometry": {"type": "Point", "coordinates": [73.07335, 33.73156]}}, {"type": "Feature", "properties": {"id": "ORD-1284", "value": 492}, "geometry": {"type": "Point", "coordinates": [73.0649, 33.71439]}}, {"type": "Feature", "properties": {"id": "ORD-1460", "value": 1030}, "geometry": {"type": "Point", "coordinates": [72.98051, 33.69128]}}, {"type": "Feature", "properties": {"id": "ORD-1911", "value": 433}, "geometry": {"type": "Point", "coordinates": [72.96999, 33.70293]}}, {"type": "Feature", "properties": {"id": "ORD-1253", "value": 846}, "geometry": {"type": "Point", "coordinates": [73.08206, 33.71975]}}, {"type": "Feature", "properties": {"id": "ORD-1809", "value": 274}, "geometry": {"type": "Point", "coordinates": [72.97396, 33.69842]}}, {"type": "Feature", "properties": {"id": "ORD-1049", "value": 1956}, "geometry": {"type": "Point", "coordinates": [73.05952, 33.72072]}}, {"type": "Feature", "properties": {"id": "ORD-1263", "value": 1754}, "geometry": {"type": "Point", "coordinates": [73.07158, 33.72708]}}, {"type": "Feature", "properties": {"id": "ORD-1676", "value": 574}, "geometry": {"type": "Point", "coordinates": [73.00465, 33.6712]}}, {"type": "Feature", "properties": {"id": "ORD-1945", "value": 1598}, "geometry": {"type": "Point", "coordinates": [73.18805, 33.67787]}}, {"type": "Feature", "properties": {"id": "ORD-1727", "value": 826}, "geometry": {"type": "Point", "coordinates": [72.96807, 33.70141]}}, {"type": "Feature", "properties": {"id": "ORD-1508", "value": 1508}, "geometry": {"type": "Point", "coordinates": [73.0252, 33.69434]}}, {"type": "Feature", "properties": {"id": "ORD-1678", "value": 403}, "geometry": {"type": "Point", "coordinates": [72.99044, 33.67025]}}, {"type": "Feature", "properties": {"id": "ORD-1655", "value": 448}, "geometry": {"type": "Point", "coordinates": [72.98746, 33.67132]}}, {"type": "Feature", "properties": {"id": "ORD-1045", "value": 1224}, "geometry": {"type": "Point", "coordinates": [73.05053, 33.71495]}}, {"type": "Feature", "properties": {"id": "ORD-1815", "value": 734}, "geometry": {"type": "Point", "coordinates": [72.96234, 33.70943]}}, {"type": "Feature", "properties": {"id": "ORD-1901", "value": 1058}, "geometry": {"type": "Point", "coordinates": [72.96882, 33.70131]}}, {"type": "Feature", "properties": {"id": "ORD-1230", "value": 1619}, "geometry": {"type": "Point", "coordinates": [73.07384, 33.72475]}}, {"type": "Feature", "properties": {"id": "ORD-1889", "value": 1530}, "geometry": {"type": "Point", "coordinates": [72.9658, 33.70295]}}, {"type": "Feature", "properties": {"id": "ORD-1131", "value": 547}, "geometry": {"type": "Point", "coordinates": [73.05152, 33.72702]}}, {"type": "Feature", "properties": {"id": "ORD-1730", "value": 524}, "geometry": {"type": "Point", "coordinates": [72.96235, 33.70698]}}, {"type": "Feature", "properties": {"id": "ORD-1823", "value": 1085}, "geometry": {"type": "Point", "coordinates": [72.97958, 33.71876]}}, {"type": "Feature", "properties": {"id": "ORD-1874", "value": 494}, "geometry": {"type": "Point", "coordinates": [72.97119, 33.70831]}}, {"type": "Feature", "properties": {"id": "ORD-1936", "value": 1446}, "geometry": {"type": "Point", "coordinates": [73.1462, 33.66536]}}, {"type": "Feature", "properties": {"id": "ORD-1912", "value": 525}, "geometry": {"type": "Point", "coordinates": [72.96713, 33.6993]}}, {"type": "Feature", "properties": {"id": "ORD-1714", "value": 331}, "geometry": {"type": "Point", "coordinates": [72.98069, 33.69019]}}, {"type": "Feature", "properties": {"id": "ORD-1919", "value": 1459}, "geometry": {"type": "Point", "coordinates": [72.97695, 33.69873]}}, {"type": "Feature", "properties": {"id": "ORD-1152", "value": 1770}, "geometry": {"type": "Point", "coordinates": [73.07482, 33.73245]}}, {"type": "Feature", "properties": {"id": "ORD-1186", "value": 1956}, "geometry": {"type": "Point", "coordinates": [73.07624, 33.71385]}}, {"type": "Feature", "properties": {"id": "ORD-1051", "value": 1362}, "geometry": {"type": "Point", "coordinates": [73.05482, 33.71857]}}, {"type": "Feature", "properties": {"id": "ORD-1971", "value": 3406}, "geometry": {"type": "Point", "coordinates": [73.16415, 33.64935]}}, {"type": "Feature", "properties": {"id": "ORD-1986", "value": 5191}, "geometry": {"type": "Point", "coordinates": [73.14714, 33.65145]}}, {"type": "Feature", "properties": {"id": "ORD-1027", "value": 1688}, "geometry": {"type": "Point", "coordinates": [73.05269, 33.71463]}}, {"type": "Feature", "properties": {"id": "ORD-1556", "value": 643}, "geometry": {"type": "Point", "coordinates": [73.02798, 33.6898]}}, {"type": "Feature", "properties": {"id": "ORD-1535", "value": 1597}, "geometry": {"type": "Point", "coordinates": [73.03449, 33.68981]}}, {"type": "Feature", "properties": {"id": "ORD-1439", "value": 545}, "geometry": {"type": "Point", "coordinates": [72.98691, 33.68899]}}, {"type": "Feature", "properties": {"id": "ORD-1046", "value": 830}, "geometry": {"type": "Point", "coordinates": [73.05466, 33.72079]}}, {"type": "Feature", "properties": {"id": "ORD-1458", "value": 752}, "geometry": {"type": "Point", "coordinates": [72.98485, 33.70322]}}, {"type": "Feature", "properties": {"id": "ORD-2003", "value": 1270}, "geometry": {"type": "Point", "coordinates": [73.16293, 33.65483]}}, {"type": "Feature", "properties": {"id": "ORD-1507", "value": 1539}, "geometry": {"type": "Point", "coordinates": [73.03831, 33.6769]}}, {"type": "Feature", "properties": {"id": "ORD-1219", "value": 907}, "geometry": {"type": "Point", "coordinates": [73.07675, 33.72002]}}, {"type": "Feature", "properties": {"id": "ORD-1030", "value": 504}, "geometry": {"type": "Point", "coordinates": [73.04827, 33.72653]}}]}